firstname,lastname,email,password,verifiedemail,public_key,private_key
Alfonso,Walker,AlfonsoWalker@randnoteGen.com,password,1,b'-----BEGIN PUBLIC KEY-----\nMIIBIjANBgkqhkiG9w0BAQEFAAOCAQ8AMIIBCgKCAQEAw1g2Ep828Ev01YlaprUd\nSRTyoz5FEnZdoQYfn5qM3GIQy1nS5lOXrEPgoFeiRsCC4+jCKKCOj1kKoL1l+8Fj\nJq9ECjHVltOx1LZcgEz3rP5iIk5VeDrQ51T6WBdOq7EYjtZuWa5T2rKrOI7J4x9T\n58U1NArDsC9/ehnZ1ciEeqbtFVmtIge7Ch3aWfdg//QMAyEKBPvQIJ3wTY7AQHF0\npVA5dWvDYaANxujN/9F38j6PjzVr4OwVoKAvxh96aL18WhEYEDtn5SmNMdZZYU2E\nisYoxDT6ahhChVfJlCzmu2MzTEQlNbh7rIf6bMSkQBDj/qn+V9qu3v2VoPXtgFe8\n4wIDAQAB\n-----END PUBLIC KEY-----',b'-----BEGIN RSA PRIVATE KEY-----\nMIIEogIBAAKCAQEAw1g2Ep828Ev01YlaprUdSRTyoz5FEnZdoQYfn5qM3GIQy1nS\n5lOXrEPgoFeiRsCC4+jCKKCOj1kKoL1l+8FjJq9ECjHVltOx1LZcgEz3rP5iIk5V\neDrQ51T6WBdOq7EYjtZuWa5T2rKrOI7J4x9T58U1NArDsC9/ehnZ1ciEeqbtFVmt\nIge7Ch3aWfdg//QMAyEKBPvQIJ3wTY7AQHF0pVA5dWvDYaANxujN/9F38j6PjzVr\n4OwVoKAvxh96aL18WhEYEDtn5SmNMdZZYU2EisYoxDT6ahhChVfJlCzmu2MzTEQl\nNbh7rIf6bMSkQBDj/qn+V9qu3v2VoPXtgFe84wIDAQABAoIBAAe2ZmAi2Bzxqsd5\nhlI5qV/Wy2OllD2P3c97OelnxTL4TjhxIfIFD+J1xZsfCqGnfSN5b50CBc7kEZba\nE3o2nu8KkXGjmQ686fL/hjRslYTHgGFhXV+DVvcjNEUhGnKN6e3NyoqQ5u+mCTuQ\n66ijdoEamKim2iYNIgfUmHSn148uEVKQs5gaWV/y7bXZpwHM5jmlG9KpE/fLnSNf\nU7ramZpngQ/xYf1S08Lwf2OJfQgefO2w4MblpipU0tTQmVbmvvQ3emX7HdE/xF3l\nKt3wp+z+J9Usw+8expc0+1qwoI3QnO0/h19q7VMpivXvP6xAQh3HgwXNbkTswc9Z\nDgdKbhECgYEA0p3BdJ7rUnZcPzXfhWUMUm80JEzY+jwKoe+elWt0ARgduqTBL9f9\nglpzq1nUr9HJaqTGFiWL7VOK3qExELNiGmK309lto1ULL2T+I6b+X1mFm0CqKt0R\nBGwaMp8O5IIJsOq3gOh5eUyenCKnPPkv7fxRFKUAz7uDrxI6QQ/EXRMCgYEA7XAG\nBngiciUD+iSApX26XBPqxfu4USG15CjDSgddrAtU4R1McbrsfeRxV9+IFBmUWquh\nASmyqjUkPYp/SosNiI4vZ5aS0jrG5PtXd3X9omH4foqn791+MZWyR7EZiEonBwUl\nfOFspRFrA2r9okr90HVytKMf6X3m9KVN3ZPNKvECgYAF5AWqJlu8lbTky7Pxvi7H\nC3cw4Llc3lsJxnLwCO5YrXz/YGZK2Uas46zCiSOquzpf8jXcHra4L5L9wRJnPi0r\nQcGUektXuyQx8igthRkuP4m+GuPniQFV11QwQEShXYW53ga940KqgtsY0NtOmEWf\n6WO3KRpJtRvsxJy+fxtl4wKBgDJRuGUslpg8MgCUNdNctt8GtY2p0CEZlNO6s9B/\niSGJ8T4YGHhN1grEHCU0UUF5PlCM6P03Gg8qXfjQ3jMtDvwures1JP56yGYEwj+l\n+M+uFZyzw+14smLNx8+bv757gJPjSlOR7pV5AIXj6ca4P9wq19libMPuE8ErOzpH\nNYbxAoGAf20glFgiSjLpCNRDPxcMSc3YcKsPvcCmNspHOOB6+ad+XeDqVUHAyaVR\n9CspSucUymMHBf7potEzgu88Ac+c7CpbMYCApV0S2/XLstNl3CwMOr3okhbWOpko\n3voDl3VgqP/Gx8ZxBVz++HJ6dEtlWVOuDIZwhVgz3G3/8uRGXXU=\n-----END RSA PRIVATE KEY-----'
Wanda,Robbin,WandaRobbin@randnoteGen.com,password,1,b'-----BEGIN PUBLIC KEY-----\nMIIBIjANBgkqhkiG9w0BAQEFAAOCAQ8AMIIBCgKCAQEAxYFLsqZl7H20bPd1nHlK\nnCF8JDdWiYBIqI6R+lTTzEQTGR3JItKIDimi88HnMwovN2B4vOAEwl/SGz0tQ2ZM\n5g9p1uVkC0aHIKcZrLrIGB6jQT6j5HDRfTKFo3/yQ4OuTjTDhU3hefwGZCCDaGKc\nPG5jrocCya3bbRQ54FArJaHoQB1rCOvSICmdNyRIFa98y8btgn7JIBZxwMZWdTtj\nMaP1Eb3cRUYViTfz2iE8aICnyPR1MB06Ylg5t2DqIKUwfnso0DquuskTdaEC6if2\nsQzJD8VPoy3H8VH5nqW31j+pYCx5Z7iSy076hcq4Qae02HpgssjBsB2ENmZGzBvV\nQwIDAQAB\n-----END PUBLIC KEY-----',b'-----BEGIN RSA PRIVATE KEY-----\nMIIEogIBAAKCAQEAxYFLsqZl7H20bPd1nHlKnCF8JDdWiYBIqI6R+lTTzEQTGR3J\nItKIDimi88HnMwovN2B4vOAEwl/SGz0tQ2ZM5g9p1uVkC0aHIKcZrLrIGB6jQT6j\n5HDRfTKFo3/yQ4OuTjTDhU3hefwGZCCDaGKcPG5jrocCya3bbRQ54FArJaHoQB1r\nCOvSICmdNyRIFa98y8btgn7JIBZxwMZWdTtjMaP1Eb3cRUYViTfz2iE8aICnyPR1\nMB06Ylg5t2DqIKUwfnso0DquuskTdaEC6if2sQzJD8VPoy3H8VH5nqW31j+pYCx5\nZ7iSy076hcq4Qae02HpgssjBsB2ENmZGzBvVQwIDAQABAoIBABrFKrB9U2VZqIH4\njK1310AQXdY+1fDvPWnzYR/wLYELXRdTbTbWGHDq/dZSWvcVE09LOTJInvyFpmHg\nyejPze6E+lCRaR0KIziuzZEXBBYY2QH37pkBHbP9jBWcOwchqxeYmUPRSZWSLn+V\n1Jnqe8jJIaO/UwZpFUvUqP+Zfi+sZACD2IcwpbgOVHkrLdb6MjJK09QkWv7m6cFP\nfoHXs4932LHnjFdKMTFFMNh+/14y7X8yrNrcMLHTe9gnRADiTv3szcVxGcHN/R7q\nndDVuDjqpdSttb3D5PE/KY1/sIj6/3IKHHhuFAi73+RMIUogvMpVnUZ9hEJHwC6O\nNKwCPmECgYEAx+TllcWvnqaTcswWS37RtvreUB5sVBpzD+fMSia6knU5dTXW09xw\nJ4oZZJThQL0EstyoG7wSLAcfkTk79Pfn1r0Hg3Fjfq5XPpZYvRJdq1CQ/iiY1SUa\nSL43n/MX/QKgzuurzFIDDsTpBtPYfc5RiPfiOVe3G7dtFg4q+/VlKZMCgYEA/PC8\nZk7ffh/8ktC9CJo1UfMAPjPLeMLWkyaM8bnKaGCOzorTza5Nmfm/e2xVSMi6INb3\nl0icjDV2kjJ9t0e9cM3g782Ylj5sng+el/4/jsQzjOdcIhcz1x9jPVJowQDhROIH\nKP3F/KNoRKv64s3iqrVEgM6jtfFtLporz1e9M5ECgYAkZARz5sBZFqRDQupQJi9R\nq4wrc85u5T3LSHzFhxVyMksajomkmj4ExLxotj3nxkGDum4UVoHMaCOUEaJbr4IS\nculaQZtGZcDWURKooR5SYOF0k7l3HEETuyVvRhc45XCXGwp0sP2Dg8+UgZ6pEJWB\nZPdXTyOztQnz+PJUWlFnZwKBgENp+hyeauyXo96RacBwMUPdKzRo45MVAtGHVctb\nRDobehRMZfUMvrwKF2HS1swmS41THfwhKzAnU6nVcTI3GaOGC6x+NGveyV47NX63\nEcOAQWkNhL3FR1jPkciXPTorfN66C0R+lpUmDDU5TQ3D5+StmUtnR7THWt0v0/tY\nHCIxAoGAFNwKRRFtB0shEjrYtEwbr3maOYJ0yrsh1ovw7QEddEk2rsiGhbBAgGbs\nZhkbCRcLqnEgQfIdT9gojmpwMRpqIx14yneF2UBvTpCi8zagBHDjx1+lD+flQo2b\nluIGfgJDSd6n08keyUkWSMz+261Sd7LWcU+poy2eFfwj16HwgM8=\n-----END RSA PRIVATE KEY-----'
Maxine,Yoder,MaxineYoder@randnoteGen.com,password,1,b'-----BEGIN PUBLIC KEY-----\nMIIBIjANBgkqhkiG9w0BAQEFAAOCAQ8AMIIBCgKCAQEAmSnDyzQiCK7RLCuS1dgY\n8IFTqAAXrx+WE6Il8HLyw8HKF0xy/jpuNiV3viQ1TibWOLv5LCrh13W4JtjTiFOk\nFvnYn29I9Qe80gz+6LYp4mZZlKltURKAW4Ka8koSgkpdUTzqQgaOQH8ViU5N//gH\nYZ6Yc12JCtEcT/LGdmJOMfGjkEfy6TXqhzr3/unA6/4mctp3MFnd7N5FHdpH2SOs\nefheOHAUp5Nwlry/9+LvZXCAvlegPOuKD9aNx+N3jveZ37ScyXNakeQA+XVlxHEK\nGKIe1wDa7JCooDBpT/lJY3n3GRBXmywQdseYNNQx/QN98YV3FD1OQ9H6TKDygIX6\nOQIDAQAB\n-----END PUBLIC KEY-----',b'-----BEGIN RSA PRIVATE KEY-----\nMIIEogIBAAKCAQEAmSnDyzQiCK7RLCuS1dgY8IFTqAAXrx+WE6Il8HLyw8HKF0xy\n/jpuNiV3viQ1TibWOLv5LCrh13W4JtjTiFOkFvnYn29I9Qe80gz+6LYp4mZZlKlt\nURKAW4Ka8koSgkpdUTzqQgaOQH8ViU5N//gHYZ6Yc12JCtEcT/LGdmJOMfGjkEfy\n6TXqhzr3/unA6/4mctp3MFnd7N5FHdpH2SOsefheOHAUp5Nwlry/9+LvZXCAvleg\nPOuKD9aNx+N3jveZ37ScyXNakeQA+XVlxHEKGKIe1wDa7JCooDBpT/lJY3n3GRBX\nmywQdseYNNQx/QN98YV3FD1OQ9H6TKDygIX6OQIDAQABAoIBAASAgLsmcvJrFQsg\nwEridHjm0S2j36vh5yS9IdC8yDluupmKVTlGBWdfzi2UZ2sDxcMzOlYqg76C+AhP\nquBgwtlTbMqAJwLL3e1kC42hUlftJu12YA4/krOY+F8zMGjHdfO7iejlJlumlFKr\nX/rdjhOGwl8XkyojpySpEQ6NX49prFb94b8DpKeDGmjbRVJrY/WqCfeVHJzz7zaw\nUV2elhQPCbMQ0Mgdi3/ENjM4vO6WDCGexlaTmRJRxOY3jBuw72xKfHzNlbrYO+IO\nGUoJiOljUwear/UoV40fbaHiYrmB9yfDY0Z6o382nXomHbIemTwfBJADzmIjrBZc\n8oz3ToMCgYEAwNh/dRbmBr07y8szVVfG06OMggwJZFZMNzjBDGEpE5/cF9dkwsNC\n3E8lYg42lhCvT5kg5g5gtDPfUZzMnQmzTD9cNtyrrl69pAi0R6kswv5DuYjePOB+\nvZvY8cfasspGGQfUlqpGBNzcNxGb1S81ESAq49Eaxi54ob3SmpWiGqMCgYEAy1Js\nBuUoJwshuvyZUXnMVZFXHWxc9iHKjEQT71LWFhSNlXu5J8io+W6X3fmuC8J3cVDo\nU0Zs/b+o+OUkmceZykGMMzaC4AmxFE5cNyjPPEro//ZoERZr5TXH7tbbWY7aPUlE\nocuH8bThzmMuUvgZXwIslGcgMFRVWsLgHJD3IXMCgYBGrVIRRMIrSCFpMGDw70mk\neTVe2DB9AI/QUVGXSui2E4mjh0KbitqvSaaGyHTDDPxjbNi82BojETvQemoXR93Z\nnQMb7EZTks9oFfSUqvEHyg5iKkJhB1oL/dlFy5xgmHeWZuNIEMG2uIdQ+3gkarfF\nPgfaFOH+Ljvx81MDasHNhwKBgD7EiyT1yZeEED2xjYNhnnssC0DCG1DAzc7PlXfk\nksLuRWdIcridcczPH4MfeWOX/Ve2KoLK0wrjCD8OPmZbAFc4NRf6VBzl4Qzrw/wj\nVRa/6X5bi3T6/wQbvkU1fzH+r9ELtWxdcPJlbPBSHhLvFKYH/csyqvVAk7kZQCaR\nejmRAoGAMHNxn5WGUIxYFyWgdxEbyWQP6KNiHEIfuZBAJy4jp6b2nrBAuKxV5MZ5\ni/5k/xsh8X2XQ2h1UfGBmKub2rKgvBa24K5Ldkb5lfDE4amEBO24pCcGY/X/4C7B\noQVhmhsAsW/RB7SD3WdjNOkCJPIQEzRlegEr54GHs5xEgwP7luU=\n-----END RSA PRIVATE KEY-----'
Eddie,Stewart,EddieStewart@randnoteGen.com,password,1,b'-----BEGIN PUBLIC KEY-----\nMIIBIjANBgkqhkiG9w0BAQEFAAOCAQ8AMIIBCgKCAQEAubdR+nln3hLE6bo8whNO\nkcJM7LpEdjJJ/At8UzdXZFXD1tcEbiYk0UNQuR1TpeMYip0Fpw3WPFLjSn+xQKyP\nqjYOIt5W7RaXPqPwOFU4rJ9oDnro885q+Ls6rOCK5+1xb0uAu/Q9oXYlRc/iYG0J\neZihu0THgjltGSbv80V+qhDYWRNGr7G2vfBpZhLCQ9cMv0dIWP/4NveWGs2bHFPb\n9tts1Jr+mtZuGgxYhlaVTEkbOaHWP/914zvNv/2Yp4mUKzkgMXn7gae/Dz7WCHX+\nHiznc2NkxcNUiygfEIjEee5eeo78zgiS8zIi/8YcMkJmUevyvesaJSupVSDHX7gO\njQIDAQAB\n-----END PUBLIC KEY-----',b'-----BEGIN RSA PRIVATE KEY-----\nMIIEowIBAAKCAQEAubdR+nln3hLE6bo8whNOkcJM7LpEdjJJ/At8UzdXZFXD1tcE\nbiYk0UNQuR1TpeMYip0Fpw3WPFLjSn+xQKyPqjYOIt5W7RaXPqPwOFU4rJ9oDnro\n885q+Ls6rOCK5+1xb0uAu/Q9oXYlRc/iYG0JeZihu0THgjltGSbv80V+qhDYWRNG\nr7G2vfBpZhLCQ9cMv0dIWP/4NveWGs2bHFPb9tts1Jr+mtZuGgxYhlaVTEkbOaHW\nP/914zvNv/2Yp4mUKzkgMXn7gae/Dz7WCHX+Hiznc2NkxcNUiygfEIjEee5eeo78\nzgiS8zIi/8YcMkJmUevyvesaJSupVSDHX7gOjQIDAQABAoIBAA+ZMqT/inZQDEL3\nVgAVAA3lDHH7qSFmUul9C3mv1cLDI1pJoAEiagg7h62spWhy/Q4zZxSjaGGTsqyA\nsiIU/FIXDTPnidSLB7QGr/gDTGnPT72bnDJSHZD7pM99Yp1dR6BJ7quatYx4sGO/\nNKvVrKyOYdMpUTqCWUP6DcBYj214LQ3BUIhbaJpYP1LPwjzErLQmQ4N15vnQSe7m\nbWIsszQyqQY+h5E10WugHjg8kysvOByaQx9WDfOpWEudSzcsLbCvX0Cm/qngm+/o\nwYiK9gFYUtaTkhzct4WpvnYTUjpXSh0RiYnMw30o8IzpYlHmqAE3qHvoKVMlb9IF\ngeIc6r8CgYEAzsVpjboNR+tK54/kU8BKIG4hv+nriJQ4PcclKlZ+QQj3gL5M8GrZ\n3SIzSq83OItiLjkWtssuJW9lnIO/vcoHh+PL9J/8knep58YfbQPRGAhh8k9vSKyV\nqd/0YFtRDv4mO2YxQqv29Y7iYw6a/os+RorzdY1fMb/rH4Mur1dwwRcCgYEA5e6d\nRLTQUILwlebfq0w76JTQ/4doONz8U/g1KKKT8UBygOpOb63XSNZ6HcyTK49Uk5Oh\nBHRGSk2v02KhHBH5KOkhOfwG3xqg54/3vfkoNc7OpXpYZOin5L0kQJCgXBa4a22t\nNAlb/W7lMQgfdHftsE4LON4DKk4yDYfv6ZbPS/sCgYBbL8hbDl/pBaUk9do17SlD\noA4WOqz6sJMU+4wyXa6UM8Yi6sm3hQfLc9e26gqqTx3fUKHpvzT8oWHoYlne8wfb\nL+S0XxHd7hPp+P/G7dX6iUfYuptTK3ldTzzQebUHraFitLCovHnO1VKVaM2F0BaI\nuaKghtYidIbWgN3HygIZxQKBgGDCUEZIfN1UrN+4H2nbk95lOao+ljpPrJO9gMlP\n2UgN4eGkOEvA8TbCovMFUu1izKmp13mjYK0GEja3a6r/WUXBDW10RIQAlbO8nvm/\n7w7tr4JtgOM+EOEuQyI0encmTIdQyTF7us1krGg8zdfaXBj0Tr6oltZnv6J4ERrQ\njv2fAoGBAIYMrLa2dXbkkK+jTQAbnh5yBypiJbl+DEZcSAyotkmg9jdaNw0cqhLr\nFD2rwOoxIvWvOtdYDkWSVsCZ1aREyhpn6RB1JKg7BIjrO9hD0XrIoCsn8xf9YSbG\n7B/Bw+6boJXaxWUEWRyrUgeZIC/V0WY+gHSXl+e/uQ1Jui2yTuWo\n-----END RSA PRIVATE KEY-----'
Joshua,Reynolds,JoshuaReynolds@randnoteGen.com,password,1,b'-----BEGIN PUBLIC KEY-----\nMIIBIjANBgkqhkiG9w0BAQEFAAOCAQ8AMIIBCgKCAQEA21EgPbcfF81Zidlrbrqg\nU4XCU94nOboqoKC8ky1DpTYjlcHulVdSDAKAEWr+EhNcMB5Etu+xt9lwGsCnTiTG\n9abMd3Twjr9oJilveuh4abn9ZvdflZdpHU10htCx9ZU+2Hs4EQIK9eW1wHomI4N3\nnuiDpAO5d/OIQMyHKGsWrE2rqiLZ/4/VCQxvPd187m0hJX0ebpwyJ6152+9T5Lvg\nZuxbF3UwbD4BI+BiQ8kWY668O0rgAKAzL/21K99SBPW811VyZbaoTGOYCR+61lBH\nhkQvPv+Q+TQYHrdUH0665vjmFxlfhjHsfK6in69gKdE0lMHUlf0SlncuGkYopUHq\nbQIDAQAB\n-----END PUBLIC KEY-----',b'-----BEGIN RSA PRIVATE KEY-----\nMIIEowIBAAKCAQEA21EgPbcfF81ZidlrbrqgU4XCU94nOboqoKC8ky1DpTYjlcHu\nlVdSDAKAEWr+EhNcMB5Etu+xt9lwGsCnTiTG9abMd3Twjr9oJilveuh4abn9Zvdf\nlZdpHU10htCx9ZU+2Hs4EQIK9eW1wHomI4N3nuiDpAO5d/OIQMyHKGsWrE2rqiLZ\n/4/VCQxvPd187m0hJX0ebpwyJ6152+9T5LvgZuxbF3UwbD4BI+BiQ8kWY668O0rg\nAKAzL/21K99SBPW811VyZbaoTGOYCR+61lBHhkQvPv+Q+TQYHrdUH0665vjmFxlf\nhjHsfK6in69gKdE0lMHUlf0SlncuGkYopUHqbQIDAQABAoIBAE6CB+yPtM2scLTr\n441LuUCszReAmsILZl8Bqv90YJavfqWJOoKzM2ehLX8Oscx+qa1/6FEkFJYffAXX\nmQxcFeyxvNe2QLaYxguDIaj5tsECFzfYrZq7DKG0rFXmNw4WUtzjnvpXpNzJUfqI\nv0ZPNW7pBNadjrLltoybqnZJf2BF81/araiSHAgDjDXMCjgBS33jetzEy5gguFHS\n+tRY42ryUNsSG/Y9etqB3mX8U4dNjsrNpTmUiF7/DeoUoiYLuHKrnuk42c3sVXMW\n7f6Wz1PUTNHO6+0iBNv0vc+/u3gEW+bTvN2kwJh1xjcSPv5j2DY3A5HUFyOLv6HJ\naA4doXECgYEA26BDk2710WkgBvMurDde7/S9UT/OB7F3IxBK+31lRbMzRflZZLJX\nujOgcz3PtXkVi6nyfJZeacLErz2xfEz2PKXQyuslDgaZKVwW7UfPLb9Ns6c+qsKn\nt9Br7ifoIaP10rjio8SklYo/cDTils65vU2jHk3boPIViZb67lE8HwsCgYEA/6PB\nXBeFwSsJY0HoID4cKk2GZSpFBHouTYOhEIWAryzUUkxM3hk2cqy3m9ST4PE4naRf\nEPiTkDVQoJDJWlaNuZDCUAqGZUC0Q/5kPDu8ypHNfVDTvJJSCipPe2SBfq6yBVJu\nvPaRVLUrVmsOiu5gEa9GPQQsWHXzhpjB+d08Z2cCgYA6QpxKeu/YmkN1tILYCmQz\n0T97UyqrXcdV1NefORdpUu0yDcBJ9wlQiqtwhqAX6sPtZaq+pADtm04jkoEHkT7s\nvavSeGg+/T8Z+qTWUutBnnLVSnNURwjIuRA4f/uTGPR37rWobdyfEqpbcJv/F12s\nOvEfc9XkLvPJqPRtzbzeGwKBgG0tLYY8EYaW77JxUkZ64CJ863nHHKS13ZKDNcVN\njtDBb4gaR/XOhL9i3iNyHRnDS2+f5G3mC3daHa4FR8kKEAsBNMtkQ1N418P2IC7N\nQGqu7DipzVPKlbj7quhC2z8UMrktJFgVYanwmaqVnCdfeK300iV648l/zlpcYPNq\nNcLfAoGBAK9j9t5qKoK+Qo2IgE2qlXqyfhvP4i4hYTN6q/cbol8QmGxpSAD8gUs/\nCFYAbnBLaLMQdp/mUDq4N66r2WDa1+IiMJqQ8NdE5FNdffS35vOMTxHFHIXMB2rw\n2lkjxx80ORmgpEGJMZQwCxQw5iMeMsn0bXTVMo+YoYvhrkjyNyC/\n-----END RSA PRIVATE KEY-----'
Donna,Davis,DonnaDavis@randnoteGen.com,password,1,b'-----BEGIN PUBLIC KEY-----\nMIIBIjANBgkqhkiG9w0BAQEFAAOCAQ8AMIIBCgKCAQEApjHO9Z41ZvVzq9KiGtKN\nv6T7rmiZMS4FEwogjfjhYxvib8evBrkjYzz9XuRUU9TKvlWN4XE0dsgrMOYMDIRl\nZ+oQDEqXKgGe8dHeFUSPpibJspNEkf8/0AtzonAlyQ1GXhqoCt7SoxfGZDPZCOH9\nlFwNz6hvzASIWD6zv1qkp9MzJprQXIFkzUE1xJQvdqqsXlZvkG3I9+NH4CyjoXcX\nLIa92f02IcOfw5BMOWQQsIjJg9pqrAtm20RY7eFlPJuLHOqbM+mhRK4SmXxvI01y\n8CjcbVvLV/5dRj0uQY1km5AY7KDTRPmDrSi8ISmpFWBAUBLMIy4ScCx/rU4XT3pi\ndwIDAQAB\n-----END PUBLIC KEY-----',b'-----BEGIN RSA PRIVATE KEY-----\nMIIEogIBAAKCAQEApjHO9Z41ZvVzq9KiGtKNv6T7rmiZMS4FEwogjfjhYxvib8ev\nBrkjYzz9XuRUU9TKvlWN4XE0dsgrMOYMDIRlZ+oQDEqXKgGe8dHeFUSPpibJspNE\nkf8/0AtzonAlyQ1GXhqoCt7SoxfGZDPZCOH9lFwNz6hvzASIWD6zv1qkp9MzJprQ\nXIFkzUE1xJQvdqqsXlZvkG3I9+NH4CyjoXcXLIa92f02IcOfw5BMOWQQsIjJg9pq\nrAtm20RY7eFlPJuLHOqbM+mhRK4SmXxvI01y8CjcbVvLV/5dRj0uQY1km5AY7KDT\nRPmDrSi8ISmpFWBAUBLMIy4ScCx/rU4XT3pidwIDAQABAoIBADkPsezQCKrUjIYK\nmGDYORX7SfSccjiaAeEDIaFNOemC6fCSIWyQBW/twVqiz7dGwOOv0Tp92VMNMBMm\ncS2dCYovqZnmxFcGXnHNqlAoDaAxAiB/gtQTzO+b9vRnR/nrRmVKBrdQwQaBQ7sk\nuBheK2gUYSOSw+vLBJsz0BhbwVvjUI5Y6zDbnkZU7ISphq5qj4JN+hxLgacLVcYi\nYcyLIymYac3cayMUFm4lnwLqNKOmlccMoCCW5p79gYkohgdZD9JQJqf3rfRSbHSN\nT0vNyE5e6u4IYvFjD+abhZKIL1osRvAggP9C5YcuhskU94yp7DJr9FS+erghl0Y/\nGS/Q8FECgYEAxXIAOCWPLh0+3/lyXEHcUiw6KqX/yf1kUjaV5rhmtSC0Yok/wvQa\n42TCAmfKceX1ynkc/3B5s3wPSzqOMDm7fek1sqHUMXFaPnPjArJvMEKWNmswSf10\n5glQxrP8lNdTfu/LbBrVPft3fQDAoEl9WQMS8kIGu2yiEcRYxXuk4EcCgYEA13tC\nIF8ksSOTGo1n1dXD8AER59wpW+qy906JaRdP8yJ49QzIVnZ5pW/x2G3lJWCcnciy\niloiGGx/9aLfiOgmSSHBCWdDM6cFYv3G16akCwIuYpPTidfvNn7Ac/ngrfkE2OAM\n54RiqoztSge99lpQyMuJ4UFXxD/ABZiQY6C3NFECgYBBjEgwW5++Am2GM6zYnfDD\nwvUIhZV2fE3a0U5QizVlulbIQ6JMWXe3uBKEc+qMh3hi4HRVBQUSJgR5yBW+QtxQ\nv6RZCkqEo4n/I7/gfFZXYjO2Gz2rwp4VZFBRtx0KWLXadUdGO15BtoMDl8VbMSqQ\n62lVzb+oZzciyNljrlmdLwKBgEe3akbD475hDLClp41v3AqhEIiOqeVBs9bDeNBV\nRfKx4ngMjRDZ1ZrOKzvRN5a9FOMezO1nGjnuwpfKYYN7YGKurUSn7aHfUNelhux3\nNdnEHBQLBzi1eZQ1k3AGFlVQr+BOkXzsfrostT0SXpMDdCegNn+V89QJM6upH0VJ\nVDBBAoGAFk04ANK5ibspYFVXVnpb2OcCz1IxrPNdqFz3yEZJqoRyUPObaEPe0wf7\nYWaCyvWm1HET+4ey3NmW0cPeMZOrHVTMhwPuvmEeKdvdfI3yqvBYopGDEWqIfkTN\nW5UpnXPlytj8Ve/Nw0Kk53psRQnVo1SLMWc2QLMVXs3a7mKhjYs=\n-----END RSA PRIVATE KEY-----'
Betty,Little,BettyLittle@randnoteGen.com,password,1,b'-----BEGIN PUBLIC KEY-----\nMIIBIjANBgkqhkiG9w0BAQEFAAOCAQ8AMIIBCgKCAQEAvkra15ZshvD5xMM67Hc0\nRPlE8skuoalq7syozSxjLETox226ok2fcjde8X/i8EzslI+n30Y28BeZhlxXIoSH\nLu6Dh4GnLLebh8mH4nqSPgiseP2Hxkvn3duW57s9isYJAgoean0c4+aWlXbE+s6x\n23EWEHuiouUHG1glBUrsvDdRDPNQVRbLKidXZpqogTSPjsDb8t8JpuSu1B568V7d\nJeLFLHJ5jAygsNURymwUpV/OfEABPT4bDdPU12McpLFkD4d5mgVjmyUaH2Rj/48b\na4M57pfOiYk5zgetN9u1gLtP4pXJWqIUbGah1wYsdJg5RkxcWujv1TDBUJ9/IBp9\nBwIDAQAB\n-----END PUBLIC KEY-----',b'-----BEGIN RSA PRIVATE KEY-----\nMIIEowIBAAKCAQEAvkra15ZshvD5xMM67Hc0RPlE8skuoalq7syozSxjLETox226\nok2fcjde8X/i8EzslI+n30Y28BeZhlxXIoSHLu6Dh4GnLLebh8mH4nqSPgiseP2H\nxkvn3duW57s9isYJAgoean0c4+aWlXbE+s6x23EWEHuiouUHG1glBUrsvDdRDPNQ\nVRbLKidXZpqogTSPjsDb8t8JpuSu1B568V7dJeLFLHJ5jAygsNURymwUpV/OfEAB\nPT4bDdPU12McpLFkD4d5mgVjmyUaH2Rj/48ba4M57pfOiYk5zgetN9u1gLtP4pXJ\nWqIUbGah1wYsdJg5RkxcWujv1TDBUJ9/IBp9BwIDAQABAoIBADV482YBbx28OXOB\nKN2p4ZZANY/D2Ma0xMe12vlMr9GQy5i+zOMuzM9bn+Jc/XhpJVHZzGKBaI6vEwUe\njZ21gAdAHtXFKST3s0zE5NpPdyjXZx/Ynn6qdc1yF0Wm5/RHEeDw1vs1jRi9gzMc\n3N1dl70CWiDnnRwJH6Yfbse99igtJxo1y/9v/thb/vQ8F5XXBCJmfWjkug7Uv4/T\n39p0AAGBQKqPDSsK2f2rNLgb3SNdGQWYxzb/uFSxwh8atKLttO57rL4TwRtrUZj5\n0h0D5FHvS/ehPVqQGgldCn9o4I02cNhGzCu6kIt3sdZTLT8B2qBvyJW7J6PbwiPi\na6ZzPAECgYEA2UVIAIUku5sm6Df4kplT+Wbb56hjScClYgnF7Y9E2J77h1Irh7p3\n01PQiPitq+aLaPqxM/gzJxVRR77Y0ja2mMrUI1MvY6y16zzS+wB/o6kKaRypTWSC\nsHwFQbYhw0nJUquqgsuVQK/JDd9vjpl4EdGVcBYJGZbPaQZrZ8Ml12cCgYEA4DZ5\noHntMQb0i2z6cUqmLNKPxZehvdkkMAkE7bZX7RjKTCU8KUg9UrGvieKjpXm9F9h/\nRu8YFbdsqOLCgoLaqC4BeJ2SLKX6AwJv5Mlf9q2DvkNm+/npjvi4+B9fM4UjZG7c\niM2tdnX+z5oaroG6J2yQGOXZ3kOrxUc/qc+8yWECgYEArbcOBZRutS0s43h030mG\ncZ8C7eqdUAeec49a2EC3i/c5Jo3VThUR3z5hOlKSESIojsv5yJKG25XYweNeWlzy\ni6GIEaJd/nTFkwqzqYpRg1oRf88xsjZNo6vVTB/CSPEC7X1hvGfnsquZteTSvhII\nhT6sG80Sg4on1VITqAfIhrsCgYBf2OnFoFm1S7PepoepRrAjGSA858VM0zaVEkX5\nGKodwSs5wfEl9KvCXhMcbrZmVtRvDS3btPomznK0/7sG78lpe8FFPpbuX0WxY6lR\ntIRBf4uCGm476WnepJTt/PtFmvS2Sm4cTVCKA4caWFZvoyVhFRfEjP3F9kfH3d1p\nSlT6AQKBgFarXBCMwxRXlUVjtDrUgAvQMbU6HO0J7FOzH/m/q6k7VsKq1CN6jp0C\nsqW+kOag0xKKDQQZxQx4hh/BNZnPY+hFLc3zD9mXc8Uo+AyRpXm2d/8u3xuXzPHT\nuTaqO07qTpm/74kCSbT0JUb6dxmnzXgU8XrZETxRhCejTllG86Ai\n-----END RSA PRIVATE KEY-----'
Tyler,Butler,TylerButler@randnoteGen.com,password,1,b'-----BEGIN PUBLIC KEY-----\nMIIBIjANBgkqhkiG9w0BAQEFAAOCAQ8AMIIBCgKCAQEAuxUzmBvIUk8T1M5HZD/z\nzwaz419WKlPHny+eIFXRD0AMaTQ7l67DarV5KjspDPFSEj5q8X5KZXxOWUY7GwNL\nZvXTQJTYAalJ2HywV+W56wMoisyyXFX5bjsbDm1dZil0f5C6+rr1TK1OP84LH0aP\nYSAWt7uhRsqZ0sEhrv3eb+9SinqGfcB3QL0Y9g6UO7dbhiPAZZIcx3S7BgOUWfpA\nIzlvE8Lbi8jQMMg7gJLqPANfABDKuyYWE11C0N7hR3ekjfx5Vqp3yUijVK5Qw/8F\np/IIVsSTPZwmgf5tU2GmDA9A1VdkmW+y0fotos4Y33sZUTt7AG/Ce6tytWRVKjKU\nbQIDAQAB\n-----END PUBLIC KEY-----',b'-----BEGIN RSA PRIVATE KEY-----\nMIIEoAIBAAKCAQEAuxUzmBvIUk8T1M5HZD/zzwaz419WKlPHny+eIFXRD0AMaTQ7\nl67DarV5KjspDPFSEj5q8X5KZXxOWUY7GwNLZvXTQJTYAalJ2HywV+W56wMoisyy\nXFX5bjsbDm1dZil0f5C6+rr1TK1OP84LH0aPYSAWt7uhRsqZ0sEhrv3eb+9SinqG\nfcB3QL0Y9g6UO7dbhiPAZZIcx3S7BgOUWfpAIzlvE8Lbi8jQMMg7gJLqPANfABDK\nuyYWE11C0N7hR3ekjfx5Vqp3yUijVK5Qw/8Fp/IIVsSTPZwmgf5tU2GmDA9A1Vdk\nmW+y0fotos4Y33sZUTt7AG/Ce6tytWRVKjKUbQIDAQABAoH/B3XRiZg1U7yiikqx\nR/1a92Ew8pgS7l1zJyHdopx9ufKmL9TNIq/1LQ9AMX9V/gcmO48MKeJOO0d6EVjb\njLECNZpO6jW4Q4jiuMhYxG3cveVCaCsAQGpSkBd1o6bEfofUIizVL5/DwCrAVIWK\n6W/suUjXOJxJ8oimxivp5y8rpUS8kuvmTLMJgo4BjXgOdREHRh/IbnN8xCdQAQ7b\nIyg4qKAtpWsjj2iqJhmj6ED8JhFIL1+EpzbY3pj9xRc1NvJ20+0ao6Hnn03Wxpyh\n5pa+Sn0EDu28c+l1V+cnRPla4AcYXTeAizgccXOJLYrr8F1URqgHO3rM/LMBRpP/\nvK2fAoGBAMhZ86ga1bE0Vu2oXk12FDtblDdq0gwlMmMFQjKoZUgs/eXSEFxxo7xQ\nnKbKV0v/d5DjFK8Vd4pUpbyI+FocMpiy6v9hcuig5Yn7ciTsiAdq3LOVTT73KCub\nVDx0iqeKgXeuODu3xqhVITpe+403SQJUWaFzv0pSh5MHCY706HljAoGBAO8LyO4z\nxzCGF6x7Wx6NPysbc3DCOZjCybBRm8q3UHlAij417CBAtBkIJ7YGZqxxRhefGycm\nWZlZy2FOXobiWMLVYV0RweK6LzopTXUAJDqU2o7B3qCQ5SooU0llhzdcIK4ZULMp\nY1utL2swvlXpKPFmRdALj5uO+FUdsHxz5gvvAoGAdzRV7ZIxzKJYikSf/zSfKwX8\n9NAAs6s6BIJvdZaN1Fi4pBHNHEOc6QGJgw9my1fveuwxNU7vdgWRKtDP+0VFsWba\nvSHs7Y41pFhP/Loi4U7qi4rsj+ccJn3fq6ynhrG5AE1PNfDNKQClqYYz4zyemt03\nCwHEMeNSuN76B+2dmAMCgYAFG0NXk1OV/cdTr+7qYCoRSazVo9CHKuIUGiox0mit\nrmtFmPFKXxd50WrHwKtA08qjhoqV84PGetyVX481YnBy+QvzaQWzSjboDynQbghY\nGAXzNsECvRWoKORelQSmchlgnrnSmfe9ZZ21tHzcaPau8XhcUWLn983mQ5QZlIA9\nkQKBgEibLlrW+7rSY/x4P7fBxbSbHDKWzvXJOa0hmYmWuLroElPtCCb9To7WybDh\n+xeVqYZnffHxXFBP/+OxVOw4jsS3vsf4QQRVlfhztNkkYd9N2WPB2nXAb6JXYmAg\n9homh81OimGBbyoPtcg6AnxQc5/16EtipXGzf935hH8REKqY\n-----END RSA PRIVATE KEY-----'
Ronald,Glenn,RonaldGlenn@randnoteGen.com,password,1,b'-----BEGIN PUBLIC KEY-----\nMIIBIjANBgkqhkiG9w0BAQEFAAOCAQ8AMIIBCgKCAQEA45ALF3J3Rac9vneDJNE5\np45WBYkfWD9zwgkZ+lEbbqwkxu4NYwgvfxwG0nWJnjVSB6WxA1MQnZw4gcV5clqd\nKaBlm398M+aKLUljUPrTXHr+ss+mIfzlYo63xuK6/QnOw/AY3mYOjdrOTi+Vt03J\nc5/IfT0CKQP2VpepmH/iXWV0CBTvMp3//fo8TxUB/sH7H/Pux1oJQmpk7FDtUJd1\ngdxDxE9JSB66LAwBClpv+0OOyXr/A8vXFspK3M6pLhTnd24ykqWerr+4DTGkKsxp\nC7yj3ax7qiWrfopShLBSGE4RBr2/pV77JlE0+Eq6A3MMpQGzK5evk2sLb4r5a6iC\nswIDAQAB\n-----END PUBLIC KEY-----',b'-----BEGIN RSA PRIVATE KEY-----\nMIIEowIBAAKCAQEA45ALF3J3Rac9vneDJNE5p45WBYkfWD9zwgkZ+lEbbqwkxu4N\nYwgvfxwG0nWJnjVSB6WxA1MQnZw4gcV5clqdKaBlm398M+aKLUljUPrTXHr+ss+m\nIfzlYo63xuK6/QnOw/AY3mYOjdrOTi+Vt03Jc5/IfT0CKQP2VpepmH/iXWV0CBTv\nMp3//fo8TxUB/sH7H/Pux1oJQmpk7FDtUJd1gdxDxE9JSB66LAwBClpv+0OOyXr/\nA8vXFspK3M6pLhTnd24ykqWerr+4DTGkKsxpC7yj3ax7qiWrfopShLBSGE4RBr2/\npV77JlE0+Eq6A3MMpQGzK5evk2sLb4r5a6iCswIDAQABAoIBAEGoRNr+BtXM/C6h\nUvBjgawLkFxGhQm0PRUGBT3I+w5CktXmx2wEZ5fYIUvF5/AC2GkmcF1SMSAYe+FN\ndc39wQzKn6Zu8QoUgVexrfsmc6diQWycJwX1bsWyAepbbrIli0fTVYmNjrN1J0M9\nzYe25OH8fx9LY/0rjH7NgXxjoY9qc8wFE4rQ/B4sTZUVD4BeF/Sjqu+/nsyhgwCL\nzM6bXuYFrK5x20n7r88RXiCoZU/nksZLMd6qoQcCM4xD8FQQG2qmYo/t+E4D0C0O\nm7oLnKxxIPMf+O9KZ8LFaY6s34F+A2XBeR5oDVR1U5HFaIqKmTGveQDynrhh0u8w\no3T4PvECgYEA5YAP6RcJW3/IhyCb8DaIA8dttiWZiE5iSUJljcLL6BKsUYblbV6s\nAnZQ3kIeLFtVS0wjbmntSghPPOr9nuz+k/eN8dQsf51ytbEBzPOyxH5hd/KswuNG\nSj/PD+L+vlNRA9txBxagbbAMQ4xHmfc6n9djM2TodxbMyQPATSIHYQsCgYEA/da1\nDsYa0uMop131FodCsbUNO6+YJsiDvzHgQNtGEb2z9uVBwvLz1l1LghDjvHO3JxL0\n68IBGv/Xqfu71Ke6/SCDZx8amxEw36KyzUFs7AxkDCqr8c+kFJZnlnYDNktnzeEx\nCU2RS/8NvwDNCNfn2OeMyAoAy3YEf4UupXFCvfkCgYAcTGMp2aZUuvft+Y5g20iA\nNsoHaLF6xjeGUwKUrU1ZS1wmHV0S1FafYxlrnnl7/LMSusuvpK4Wr9mdaFhnjU+C\nzUaaaBAomDB5yN6w9+e2JOM92BWHXmDfbOjKS7Ifo8RclmVke1zCya9pcNWvXXXE\nGdnoj2u+q3gK3USL/kMsqwKBgQD9pCN7Rbzb6RxgUORrxHCCPdWhRE6WwlnTHLVm\nWTTk2VgQZviVIktAcizXJKVLU505sBmH0m1kWy1WrzH6xjd0Y56p1kyxkjXx4RMl\nQjDilWcLOUBi+gaMg9WyZO3EvQhWkqR7FUUQWSWVK+m04njLJmRoJoawx5arDZuU\nuV3lkQKBgFF2DY6B1pk+/bxEysQVsK+JWQ1bIbYlxVqS9Su8QEpkQtstTp/Op2YP\nQWXpRHmd5MhiWHC02edOXuyBXiG7e8fihDY/JS03DEsDgYxjyurLuw3Wjb5QQDnx\ncJ9/YZ6sZ4PEej9KNfPtkAtnbGSvc6rXwL3JZ66t89RB/KddZSdF\n-----END RSA PRIVATE KEY-----'
Rhonda,Goulet,RhondaGoulet@randnoteGen.com,password,1,b'-----BEGIN PUBLIC KEY-----\nMIIBIjANBgkqhkiG9w0BAQEFAAOCAQ8AMIIBCgKCAQEAsvYg19wmYX8odX7tEg8x\nFPKuq17W3ekdEjiV4mTZXx0x0El876hb3hCjasNWiD3TP6Qc6zre34g23jhV2HxE\njdyt8XcyGor2/AcBmHLkapLzzVmNGPqIDykUgUdYA434DjtAvayvXEhFe5C7G0wy\nQBPD+tvEh6eNVuX1TVS/+LzfdvQMST8WagZfbnwPf7e7ASGqYL4HBXolfl/CsFEW\nGyZLAE8w++V9OHjKtTdyRQKNmkMVHy0ORLLbAeEK5TdhfplI8guhQEl/R1MXhZOe\njKc5c4qQ75NQO9Fu6fsQBw70Su978QLddfJuQKW5x5Kv+OzA3BgEo+OLiU5vyMxz\nYQIDAQAB\n-----END PUBLIC KEY-----',b'-----BEGIN RSA PRIVATE KEY-----\nMIIEpAIBAAKCAQEAsvYg19wmYX8odX7tEg8xFPKuq17W3ekdEjiV4mTZXx0x0El8\n76hb3hCjasNWiD3TP6Qc6zre34g23jhV2HxEjdyt8XcyGor2/AcBmHLkapLzzVmN\nGPqIDykUgUdYA434DjtAvayvXEhFe5C7G0wyQBPD+tvEh6eNVuX1TVS/+LzfdvQM\nST8WagZfbnwPf7e7ASGqYL4HBXolfl/CsFEWGyZLAE8w++V9OHjKtTdyRQKNmkMV\nHy0ORLLbAeEK5TdhfplI8guhQEl/R1MXhZOejKc5c4qQ75NQO9Fu6fsQBw70Su97\n8QLddfJuQKW5x5Kv+OzA3BgEo+OLiU5vyMxzYQIDAQABAoIBAA2/lFrY9hbf4LEU\nGOzd/2iLU0lljg66wam8cKFVm5BvyvukJaW4sqQO9ar2Sj/JtiCpwDH/Eg+spIBy\nZf/tXgvi8/b8r/vziJFojWITk4Ive2zfcBRG7OxzPLjIzRVq0u9u9GSN72Pgxnu9\nbO5mLmcXTaNIPmMoh1ZxcKSp+dyHLv6GWYN314EdtNxRzhjEsg7jHg4dt0LRtap0\nHPz6tplQvBmyPzrxLBCdsmVYMR5zSTuVhc+5kwlQvd0RwLxqD257GtHE2N13Hgcu\n1n711U79ak63dE7kjtAKPEU5ypDljGhQYC6vzollUih/X/xeDWE3Z+Z7mrKDBiyu\nj09tX5ECgYEAwmaDW53uiF3Q/Vmi4SQE1KHT+wOTmPbQECo+XNMeNq0kl3cbfeGV\n63bOiw6nkrC4PS6j5C2+v8X9+eijjVYkjjgN3RivkD4g6tAFgqeSanntHc5Ox8XD\n9LX/h0V3S7+NH+EBEeL4pXMUMR2sRO2jHjAc1cTN4rVmMh7ABDctXKkCgYEA66s5\nqM9Yyx3aswpnVvsdEFEINL+HByEVxvc4MV94YElKh9l4mbvA+DxlPIi/q8jlXJEO\nsL8Fs6wv+4klzkt4ebuKc+Bkt1zYJ1V78cy2e7zccJP4c25VJmIPQszE9nFSmmri\nC8gz4FDfwu+eH8KIH0biciuxCXSs4aL1b5Lbm/kCgYEAqwnA1xHMNeS9JLsByK6F\nJYPAW2CZMwMsqpxQRCFnutl5kV41LPsWiZX9QXHCVBjx8LqhbfgllNshiwh5Jbg9\n73c4E2hNx04ybgZaYssG0nG2AvxqafABacPbL+wZeubsxriT1WXqOL9Ya6Jc2ERw\nuPXB2P8P2kCZys0tSkg1vAkCgYEAhrDFs4VN6kiVxd4cUcoTQlANsJgGRDzUhXKl\n2xIFaoJ45kuUccis8TMTaRV+9l9LNyxwiPOj/pxakBhCUzUvFePprXCCH4ogv9pL\njFbDtNSr6Gupg897OwSwVC1UJMV/wGF17+XsQDf4qyDn7p7vzXBl23q9I/pbFFpe\ni/YTLYECgYBFTo2J+C+867ZvusGxkqGKjESHL3Qt46brtuTLH0rzxXeO4Y4wn3DH\nISqtqATQHC87SrrN23aq8Um2ciqjwojO+eLk5LTu37s48VUACnEX/U2CPHhrY/x1\nXtttwRksFs7thPLJNvjkskC1Zr7dj2ZpnFqop5hpFkhJrHuJyZDKcQ==\n-----END RSA PRIVATE KEY-----'
Keith,Andren,KeithAndren@randnoteGen.com,password,1,b'-----BEGIN PUBLIC KEY-----\nMIIBIjANBgkqhkiG9w0BAQEFAAOCAQ8AMIIBCgKCAQEAtx8Sy+sofsX1KVJbkgcU\nMozyjyQ0UYkGsSCuqH4cvoCzznra9WSLFLUE1O5H8MRcxaA2sD43tL9XuI+Nf6Nt\nSTJTRFZeP1t0+zzhHOLuo6PSJo7AF0UUpNJGaWZ8s+s3ML/ldkxws4UE/t5R2WcY\nmHrTys4LmLRMUKrv589dysY44wEgGQnj+YEbs7DoNdZs8QRJ0Kk6kmmj50GwArn7\n//eIlY4fqxk/baot1u1GuehEexUlwI2uoKgO0E2adP4YcVZkRdSWroFbjE6aE/+a\nrOHFEv7qLnUQ+lXBpVFnuVTdjhuCPcLdBet/XimrIZyrv9BAxDz5kJVsP3ZnxXGQ\nuwIDAQAB\n-----END PUBLIC KEY-----',b'-----BEGIN RSA PRIVATE KEY-----\nMIIEowIBAAKCAQEAtx8Sy+sofsX1KVJbkgcUMozyjyQ0UYkGsSCuqH4cvoCzznra\n9WSLFLUE1O5H8MRcxaA2sD43tL9XuI+Nf6NtSTJTRFZeP1t0+zzhHOLuo6PSJo7A\nF0UUpNJGaWZ8s+s3ML/ldkxws4UE/t5R2WcYmHrTys4LmLRMUKrv589dysY44wEg\nGQnj+YEbs7DoNdZs8QRJ0Kk6kmmj50GwArn7//eIlY4fqxk/baot1u1GuehEexUl\nwI2uoKgO0E2adP4YcVZkRdSWroFbjE6aE/+arOHFEv7qLnUQ+lXBpVFnuVTdjhuC\nPcLdBet/XimrIZyrv9BAxDz5kJVsP3ZnxXGQuwIDAQABAoIBACd6koHWC9/w657h\n+43q6sbPLkf/5Sui4Ad15VG8BpRniNw+DlCTQYzQTd9eE7JrkxikJsYuU7IrAk1u\n3XGkGR6Ls/nqqNz96aV0hY/FuO8clWTsp6scoIu8LaPxjXb4geiHpn+vkSiSx/Xu\nljTJjjrpWBnD/CoKzN0jTR9rzGu3nRWflG5r+Mqkp/BwHo72t4goCjMPu6UT3zlh\nSLDZCXnpiAQJmgDRU4L6lo3rpf5HrNS357XGt+qa6EYe0rqKYvzxN9NIFlFdCBUD\nBe5KpUd+LRxQ7Q79/FR/r5oVJtblIcaT8KS8Ac2eE1hSCc97EphYxFFOUynXgNor\n6lccFGECgYEA1r9WJXJPP47S57EsK0cD91E4T+Kmfv4Hn1dWXzhBXVhUpiL5H4HW\n5cx109ScF4KGxy066bdDwXO17njUjlU9fRYLcKsNmEXQ1uldxl0RhrPTde/RxzPv\nkhhmyYftMa5s0zzfTV8aY1lloh9LQoAG/tPSHrUErQwngcjAX0KdX+sCgYEA2kx1\nlQXq8WkKq7gDWhyVyfODYtXlVNA857ZpkNtBCytE2XfvGsB9kwrjsgCuyZuMHvPc\ngnzg87FFM/tfl94R3CSyfITfkfEeEv6skx2P9XVXpJg9sL3EuWpeElY8Bmz3NjAn\nzQAzx9z5hFkGfCwDnmavuJtgAbhT2Th1jrK6LnECgYBMYyMxjsfBw/whjlQ30LsI\nbkupnuW6poHvnBGNLWWS3qi9sBMNshHPDDudbjNX6YYns18RY68mURKWEUUKnCeT\nJxRKr43WbH8s8zX4KYLid3Twrq3gPgkp3qQxa7hjw7fSLAUCcKHiVRph4N/Ud9YF\nLzO+2IUhSQGEmPRU7k0soQKBgEfGU/LHm1P8oZGMUy3RsD5SXqSkh163iQ72nwcN\nz/kIJP8LvAYjvCYYsnzYVJ/dENksfRg6TwxRANvyjp+0WFL1jen7Fjc5/BVqvvsw\nASFHj6WCmOX/vyrnmj6VM+847J9Yff2dT2krcq7dRpCVOCtgv+4GyC5ImOkW8zAT\n+7tBAoGBAIydWODpD2jUB+7Y88LZcswuUOrOJnCVZMaBKNwmZUuzUUCUN4IWgXx9\nvtN+loOVdz4MEBRh/Bq2RRl1VUqso30dvt3zEp2CRW6ow6QCChSFwJkQPLHWxeq/\nJom4T5apoQqdADfIQsXVKDiT5zfSmvwbdg0OzWP4m8S5xLKOgio5\n-----END RSA PRIVATE KEY-----'
Larry,Snead,LarrySnead@randnoteGen.com,password,1,b'-----BEGIN PUBLIC KEY-----\nMIIBIjANBgkqhkiG9w0BAQEFAAOCAQ8AMIIBCgKCAQEA5BwF/cm5cQMLFWhMz2TV\n4iLTy81yGBj1M986FY1CgPJnKe2VniW+J4CViEUvxHC3etkgp0BkZOQyjaSP77+x\nHDPuMmxCoUlt+PRPKmwGHw0HC5YcOGs2dN7aLfvfuPYcMO3xBgVQdTSwR8jpQR3f\n4vtF3IoIlChd+ns++i95thi9/7fNE27Gr1ZeWAIwXUEL0PfZm4D+yKM/+skUUpie\n3RXOvpkbqMqI8B3RCpZUdOkclsd+/j9HkKliEfRpjtbFBX/5qpkeaFsUJM6BMqQd\njMlS/yyf2AuQldQ5SPvmCgWze0Ef9jEq57xCD3ILICfTZ+iE4a8AEpyCCeh7uch1\ncwIDAQAB\n-----END PUBLIC KEY-----',b'-----BEGIN RSA PRIVATE KEY-----\nMIIEpAIBAAKCAQEA5BwF/cm5cQMLFWhMz2TV4iLTy81yGBj1M986FY1CgPJnKe2V\nniW+J4CViEUvxHC3etkgp0BkZOQyjaSP77+xHDPuMmxCoUlt+PRPKmwGHw0HC5Yc\nOGs2dN7aLfvfuPYcMO3xBgVQdTSwR8jpQR3f4vtF3IoIlChd+ns++i95thi9/7fN\nE27Gr1ZeWAIwXUEL0PfZm4D+yKM/+skUUpie3RXOvpkbqMqI8B3RCpZUdOkclsd+\n/j9HkKliEfRpjtbFBX/5qpkeaFsUJM6BMqQdjMlS/yyf2AuQldQ5SPvmCgWze0Ef\n9jEq57xCD3ILICfTZ+iE4a8AEpyCCeh7uch1cwIDAQABAoIBAB/rH+zUK5j5q7UH\neX/9BG9LykZr7U7GkeumjQfI/V5Ht6cb8eHwNrxrogDbFYUE9KzsRu/ASIv+4RKw\nIofnUyQMIYTNYJbATJ1s/3WDKhQcNuPTJwhp+skTCdqCB7Bnl6hCaIXG0UGlPr68\ns+QtsaSe3mFZWzvyrhEc6myy9J1FyLeqJK4l2CMXEQJwvGPSDUyMfyVTBp0wPcbq\nGdtdDlzRK1NJF8dPF87L93P0Aairk09suECX3hxujo1R54NdvV0oyl5P9En94OZh\nBYkGIZBrchAsluto/IE2ByFvBK0TsfrpIU/H/J1c4G/btl5iU1SV8TNAXVF7GhLQ\nnmb/9wECgYEA69Ezr5rMwiaNXbceIcND1BjKHBv6LgFJjmA6LbA6jTRUf4i9HIhw\ndXjxu7ClNoRyaWC0eEr3K0IGRxxYPO4adRlhD/mnfryWLRAwzTyjhcMcnb9SaXCS\nmDuu86jYWTR1qafj3Khz81KSJmjcvGVyq9t2TH1oJAR+XX8PPVEJhPMCgYEA96Hx\nmg18S4ugfk+uQhT3QkYJESYr80lNywyxJEm3txpXGA3YCj6PiDkaNcrGdnFAs5e+\nHUj26S82flW7KBRNHHwuoi0y3/HVeoHybkWSkYTqwIUAQBAsFQ2+Mjhjn7PulrEn\nmhjp3M7v5jLiqoFnhxuhK/3WOui58hdLOBxbbYECgYAOHai9Y0PMf2hI6tQ36ytd\nP9qhUh9or5UKm8H/yCPJHg/Mzo+bbKNmtMWrmYhaOhVrL2m+JaakBUDA8vZpN0uI\nJOvFfAlFsd4/dk+liXK0aBiHbNNvElkEGdaAKWRB+rzsWetu4vqF3zR2biKAeIYj\nuXBcZcldFpPF3vw3jGlIdwKBgQDWJbsMsSrTHe1uLjQRO5ZUPsKqjOsnGjZnKROr\nwQBaHTJCP/6bZVy0vkT3TeNxHCGK7eff5XB5WXXzrOoMD/pbbtzZLOM5HSazKdtg\nF1RX+a0VTi9YN2QX1Oms/mzQ+EaVFKCdt3vOkzqNRWYVc5D3GyK3K23vRcFAJXrM\nDGHYgQKBgQCja1RpuX8muYA54IYSRAu4HwUo+tnacafsCnXOhXajExX4wf9IZWqT\nEwq7glrhcLqrBuSo/8q5kjUnQDFl6ay2LjRDjFWiVxekAusxa7YWa0q2nZP9Rtus\nnabEg44NwmJNXCuw+bPyoMeRU/XEqF2WmY8OkNC1q7r/ygUtmD0DWw==\n-----END RSA PRIVATE KEY-----'
Virginia,Fryer,VirginiaFryer@randnoteGen.com,password,1,b'-----BEGIN PUBLIC KEY-----\nMIIBIjANBgkqhkiG9w0BAQEFAAOCAQ8AMIIBCgKCAQEAs4wBCHxspJHGgp3QFQYe\nV1auj0fcgHTJnPdVFAG/UTLeQ8mshca6SOZrrfQnSXoo5JGL82r+TqZIjchZkVBZ\nLnxKHz9U/EHmhN/ufC5ZPQaeRpI/dENACXVHor8onzoov33+IhEvCPgWWBYWCnWh\n+yOEAlq6SJirjWHyHVQFQsicdOwA0iXczNpdI7Kag73ZeCytB0/4mCOFWGXVbrBy\n7hJSB8n48Ayi65klgxsS06FDGKcttsf2VyMqngs+nKdv0N+B8SgV/xF5SjUZz0l8\nF/bv/UkZeniMbGXCNmtaudSSaNKDxcv2X4lP+N/5SOMMxxiCfbupHSiTyV8lChMa\nAQIDAQAB\n-----END PUBLIC KEY-----',b'-----BEGIN RSA PRIVATE KEY-----\nMIIEpQIBAAKCAQEAs4wBCHxspJHGgp3QFQYeV1auj0fcgHTJnPdVFAG/UTLeQ8ms\nhca6SOZrrfQnSXoo5JGL82r+TqZIjchZkVBZLnxKHz9U/EHmhN/ufC5ZPQaeRpI/\ndENACXVHor8onzoov33+IhEvCPgWWBYWCnWh+yOEAlq6SJirjWHyHVQFQsicdOwA\n0iXczNpdI7Kag73ZeCytB0/4mCOFWGXVbrBy7hJSB8n48Ayi65klgxsS06FDGKct\ntsf2VyMqngs+nKdv0N+B8SgV/xF5SjUZz0l8F/bv/UkZeniMbGXCNmtaudSSaNKD\nxcv2X4lP+N/5SOMMxxiCfbupHSiTyV8lChMaAQIDAQABAoIBACh4QjNbeFGP2iLO\n13wlqOkezLHXDMiXimorBa5AxpLS2G6HIq/0n0CXT2YiRki1lEoQ1G7FixTHPktX\nAXlTlwZ3VW29pLZHVGJW5zZubAbpWvulM1BNaD25hbAVTl61iUHAcGvVW7i10rOA\nJu+snBozYyn0sVBzuRdhIGWj7puio1ys+C5nrsyi07tEbdICZkIh0DC7fUdiOqte\n0HMfdtufPKol3lJnJd67KQp2wWdtnKFWluc/uC09yi/Db9un8M9MXdbfupuDsE9g\n2bJWQLveTQ3nRZVuuNPWrMV0mEpGE5C3Mui9WwqvP4Xnm6IqFGL/DEeJbFyRcsx2\nNPWjGxECgYEAx66UyNYVIxaKpcW8ktwv5AjElriLzqg9GDAaMEflW4Z26Dk0rH06\nDygmIUm4YnEo1carXXRPKi5sfk06zpjVj04hDeNiUcTiQ1SoRHHnV28UXpJ1e2K1\nsnEZAXNh8k6n9yO5Jm5mAIlvX0rth7EsH8Zas951xa9hyGQflp8eT2sCgYEA5i+h\n7mCVCX6Mtji7tnAp7MLMNvuWYKZ/lrjNfDgOOn8jwu3NgmAC44TEDlEYuft6OnUS\nwR2vx0o7A/qe8wvLj47JCiU+tG9zs8qwp0flGvzHhGGrsqszP/oPiFU1rF9Hik6v\ny9bN8dCnl7i07g+tqXdbuzyrg4Y3GrvzWUB2M0MCgYEAqfmfZzJtPbgTf7dJpU3P\nanJYPeCMCfdGQk+4Cz84KufUUitX/jh+8qX/hziEvy+KTidWei/mr4ZjDkRZecG5\nkMo18ueLKwXIgP4QWmsHPXMtyK8tWEGXX3VMjuKUDroL2qFLGz7Aj1ZuOpTCi04y\nvD2Ruij04blAKF+qUAHUwE8CgYEArWN34K3T1eEDcUdu7k+y5OsfFNOSRJ9mQExY\nTJeU8C9Q6sZiJTDZPDSH0hj4PS/WtC33wIvyGnYp2idwj7d00GBHw2Kmxxek2et2\nAavAQgHi8C76PI2E/04HYTR+R6dFpkL7XNojK2F2vGyfrSsWLy7/ZByhPWNeIr8s\n4TATWS0CgYEAv5bqQiHufewoQrlPkcBNrne8nT1IuC9YFhcR5XKXc+PRzzSqtzCi\n6xvGSm+NY4zIairjHfF/szSzf9c/jh+sSt6z3XtSefsCOsCNnjx6J+HdPvGIS458\nDjgck3gZHw2uyRbPWI7gt11bczRlte0EewSrFoo9SI/13Lc8lXDM8ts=\n-----END RSA PRIVATE KEY-----'
Kristine,Roseberry,KristineRoseberry@randnoteGen.com,password,1,b'-----BEGIN PUBLIC KEY-----\nMIIBIjANBgkqhkiG9w0BAQEFAAOCAQ8AMIIBCgKCAQEAtAQPNoTLDVE7A9qX+y2h\na96Maazi8+qDXQiz2HABjLKzg3P9BYxZq2p6Wvnr/pTwFZUTi8Go4nT1bXXOGF+X\nPSpCgBm0I3sGfaFaRFAM9e/5RpMbEkJ7zxXZn0cfbJQZ5N/03STvqNpcBE5ulelF\nYWc3fd44G5q7xOuX8nrytcvZ5n06FdToJL596Sv1xwW+TzMgdCG2j3rHVsiU+YQp\nQtEPa6sCMx5Q+h4vdFP5xSZ1Eor7/NifYGMyOCv6e38fc0kD2a2JX7JSL1zvjbaM\n62jkUM08lVKtnCYyF4lFw6j5R313er5idcEzQkJ8iuUKVb/XJkkMxgZCZLvQ4dv7\nAwIDAQAB\n-----END PUBLIC KEY-----',b'-----BEGIN RSA PRIVATE KEY-----\nMIIEpAIBAAKCAQEAtAQPNoTLDVE7A9qX+y2ha96Maazi8+qDXQiz2HABjLKzg3P9\nBYxZq2p6Wvnr/pTwFZUTi8Go4nT1bXXOGF+XPSpCgBm0I3sGfaFaRFAM9e/5RpMb\nEkJ7zxXZn0cfbJQZ5N/03STvqNpcBE5ulelFYWc3fd44G5q7xOuX8nrytcvZ5n06\nFdToJL596Sv1xwW+TzMgdCG2j3rHVsiU+YQpQtEPa6sCMx5Q+h4vdFP5xSZ1Eor7\n/NifYGMyOCv6e38fc0kD2a2JX7JSL1zvjbaM62jkUM08lVKtnCYyF4lFw6j5R313\ner5idcEzQkJ8iuUKVb/XJkkMxgZCZLvQ4dv7AwIDAQABAoIBACYRUbJCxLnNOsCm\n4krgrGkmR+U1BU11g1ASPg4AKaO6SpH63j/lHTVNsBA7F7ffgSHfQ6HjUzaIazo5\nllq7JD1wCV4TkW+LXaUFkRQvJX6Av+M3yprC6nGxejLflHqemxc2cQ6u9+tqOdlD\nSMl06hIeBLMeYhkcUKbk9130uAzPczDPvb946f1S36E7DiuQBocSol6qYRFPzU46\nhZweQcv+iWIhoBFmVDYZHQEcqA6wNwj8brQgeNtUDxFAiJtn8F7lXYqxlWfRoAlU\nrJA18vDBFkAyuFhcpCV8ee/aXPUJrVGDqmQ6F+E/p+9Agr5h0p6tgvg5Q7uu56nR\nwmUGaOkCgYEA0IE+GB9w5I0J5df8DJuyKdwhLtQ2znrls6cj8m5N6rLX5WPLPZMM\nDpfc5oOTA0FyhmDlxats1Fz+bQzK06F66w226ut2GhY34/ISlS9G+HN+Nbj4RJha\nuR32vuZkb14vS4UZAdp+Q31IcFSr6qOIk9wHGZn+0+iiYTEjtMwRxXUCgYEA3QWC\nP6k9jBzoY8DSh1mTfY+pT8nCwP/4Y1qtHc/8FBKeKlUatS6z7mdBPv+cfyAK8IAd\nLGgoE20b6QktXA0nlQtEZak9nvSGrhjZ3Ku2Uu+mbcU8a0AYXRPecYq58elxurRa\nq9L3Brq19HiUch2oXPmnkXX4wzNiAfUBCzS3F5cCgYEAg9wYTt0jYgan6clrxvV3\n+O0Tty/R8UbbmX/sRdboQ7MSwikYUTp7d4cm1kkDYh2ztbP128qLqsmcxY4/fxMy\nTxB/S5XZPKoscmWWxu39LgasHIF70LWhOkzuzM+bWKrxsgrcQ8XP8BJ9Cz0g8+Sz\n7P5LJy+yboVCm8Cd2irsWjkCgYB38thoEkIbu0iHcosO95cqyn+ZlKbENWapDPns\ntwZYIm6CDOPMtobh+FmZhgF5oHsvYGf0xKYTPOCrzNY4Ic98fLvm7D1L+erpqwT5\nVJtDUVoiMquCjStrwC+1sRMO7aFSMTUQERMNLOE4xwPRFrVbmAXP1JVn4ofrBftG\nCJrhCwKBgQCggs8S7mXvAcgiJUNwK3kntDUW4XUxpD8y4rOJm/LyspO8gzc12qnQ\nQKCBgH5ysFzMDHzeAhUxrsAwbdWq0MRPmUyqKcvoxpN92rRB7KRvPbVPW2MCs6IP\ncQcOL8+c4ZcRe0TkclOd2DUvbxGi5jTN5yRkcKq8gElf6ZiUO9RicQ==\n-----END RSA PRIVATE KEY-----'
Osvaldo,Henderson,OsvaldoHenderson@randnoteGen.com,password,1,b'-----BEGIN PUBLIC KEY-----\nMIIBIjANBgkqhkiG9w0BAQEFAAOCAQ8AMIIBCgKCAQEA8BSFDxDwYVaMaDczkhx5\ny0/Ikk6EcEoAbtXrC3UxQj+LJ1wTJ0uUK0mvvR2aHNn6wj3LIb3cDAc0bGj2saJP\n31ogbVSEBD4GKP4VKoMEAEUmmWWeRrWy+QkivJPT+i4AUBaQMd3+L2cljxUYKDWW\noTNsyIqfoDNhO/4NQjRv9IYMhwAIpZ6A3NVHKO3oEwu4eVqqL6Z3jooofk5wVyVR\ncw3uHceb1WuVrdxzNPOfl68QX8cv0myhtr0GzehJrecZ/l5QV/V8Rc9Ah2bU8IGF\nGiA7kK+XRDclHqZ2PxpRIdgDhdN/GOKKV10VBfK0sIG3byXnW0e3fDNcGuP1+8tC\npwIDAQAB\n-----END PUBLIC KEY-----',b'-----BEGIN RSA PRIVATE KEY-----\nMIIEpQIBAAKCAQEA8BSFDxDwYVaMaDczkhx5y0/Ikk6EcEoAbtXrC3UxQj+LJ1wT\nJ0uUK0mvvR2aHNn6wj3LIb3cDAc0bGj2saJP31ogbVSEBD4GKP4VKoMEAEUmmWWe\nRrWy+QkivJPT+i4AUBaQMd3+L2cljxUYKDWWoTNsyIqfoDNhO/4NQjRv9IYMhwAI\npZ6A3NVHKO3oEwu4eVqqL6Z3jooofk5wVyVRcw3uHceb1WuVrdxzNPOfl68QX8cv\n0myhtr0GzehJrecZ/l5QV/V8Rc9Ah2bU8IGFGiA7kK+XRDclHqZ2PxpRIdgDhdN/\nGOKKV10VBfK0sIG3byXnW0e3fDNcGuP1+8tCpwIDAQABAoIBAFmBtPfgf1Yy78b8\n6Z+sOSY5GRSe7FZ26IFqBKbxasuBqE4k0ElCrruSzc/KhQYDqK8ZXa23PJ5JY1yV\np3+jfXbOga9xJoT0YNSQofCHBwtYvKLNFXzUSiT5qHc4//tSgjBZsSm+U4F1ybV2\nDlsTW5S++OwtboTKExLMTUIlDaZSSOIyU+i4kJX9BHie8BlZ5HDhzS5EBneUmKG+\nPCBUM/LxHcyQeKDvy5D70MMZnudpSoUXsmphe8bmnaPotqFP1wPWyKgmcr/E8shz\nhQTjPmEGdNU/vMMULEL70E4USBOqu540iQ1Cye/9Z/0o3DcCudJiYqUQbJQ1GhDE\ne/F0h5kCgYEA9FWZFb5qIOXQkSLevg3xXnNCNn/TX66d5QiznpHgKlnVSUHlKAct\nXGLpNmMb1SVflIRr4ppN14IVTLBivuTZpXOjlBvE3tsoUMRXvpILopNGpxdfTQKx\nA/BxHC9UjdgT3er7SSxZdj8Wvs8GUkTD9bdLhmcbpzFRofEH6/EEu/kCgYEA+4rs\nmlj1TC7Yo2Ct68E9pEucU0TbxCCphn7fmYxPug2jRn9Vr6ywnxf75lsOcjtH8i9P\nV3HB8qOmGkLWqGukNh2WmUXNROKoi1eZb894762nnrFEfgw52w2yOVDIsztnVb53\nWB6BAkEMnJXfDvmNwD1dV0Xv6qFK2CKym/uRW58CgYEAiEEP3JtSTcQ6+iTq+CuI\nVbaKzx+bfXlAHhArMpuA2b08/txbcWYHOsUB7s14IPX1hjoOe9C25h5pyFl4x6GR\naf3B0/9kWy72HYxQrjp9eI0O0nFrOOPuWRcFzMTsLym3coLu3RB5V0K5aXDDwq8M\nZINx/6KSPjt3nYpvc3j1vekCgYEA5tjjNO9pByaC+MU0OAVbPdmKOL0b9w2GpwDu\n0er8DCKR8pPPnm6clRUcv5ZXVqxi5bdXWEf1F2nqeXVXrK9Ev8k9uaJetNZSmbam\nAP/l3AiBqVjEI+2ydv9FzeX+msZsmjs3Ka6s9NWf7mB4mjSaS4/Fht+PQ8QMfPiy\n9AXWq78CgYEA8/7bPSUrLFpogXMd1LyqNOi/zuA2opnnqg1QdwGZw7u5x01n/xJW\nST7umXw0gj+DxJ6RZ2RmEg1iH1oX5I4x6mzXBjsC3Z3WC4OZEQJ6FuBBRBzO4+bM\nT1AW7iiqXv++Hu++j3kPrGAhLg9fMmZkwT6lQ1IhgYCPP+kaqDB8a08=\n-----END RSA PRIVATE KEY-----'
Willie,Cresci,WillieCresci@randnoteGen.com,password,1,b'-----BEGIN PUBLIC KEY-----\nMIIBIjANBgkqhkiG9w0BAQEFAAOCAQ8AMIIBCgKCAQEAsCK3P7U9JF5rI1TLqs4D\nEJNsOmrUKoKLyIObj2pJLZB9x3S5CFyEUzuabbrsIzue2xMpwmo/6LtbHWArl10u\n2mAFrL/+lZMsiMp9A19TRHBZJOLYoM3dxyw7tWjbLs6GoM07y+6p1+TTNbwl7A6c\n7I+J7pYdJFGPiVyltVW3dELqJL2OnMTI19EzVP8/d3MkVJkWeqia4DWWFIIUhbRf\naf+xWjPzc4Rx3xX4OpNmvi2paI4KtTz6KABRH+B7eO6uqbR08e6ra2BnI1Xs4opv\nXBB411GWkkDQ3c51XIOGSUrpiGK9foNu1uHTjXzDP/kw/DZCgTucxMBOFLqXT9Pz\nuQIDAQAB\n-----END PUBLIC KEY-----',b'-----BEGIN RSA PRIVATE KEY-----\nMIIEowIBAAKCAQEAsCK3P7U9JF5rI1TLqs4DEJNsOmrUKoKLyIObj2pJLZB9x3S5\nCFyEUzuabbrsIzue2xMpwmo/6LtbHWArl10u2mAFrL/+lZMsiMp9A19TRHBZJOLY\noM3dxyw7tWjbLs6GoM07y+6p1+TTNbwl7A6c7I+J7pYdJFGPiVyltVW3dELqJL2O\nnMTI19EzVP8/d3MkVJkWeqia4DWWFIIUhbRfaf+xWjPzc4Rx3xX4OpNmvi2paI4K\ntTz6KABRH+B7eO6uqbR08e6ra2BnI1Xs4opvXBB411GWkkDQ3c51XIOGSUrpiGK9\nfoNu1uHTjXzDP/kw/DZCgTucxMBOFLqXT9PzuQIDAQABAoIBAB2ynMcnHdoF+XaJ\nk5WHCsk+sh7faEqKnFsApbf2qcP++tYofhJE1yLZh948iBggs1Yo0v+uvnvVKzW2\nw2LQGVhEnHBWJuy9VeLykUWCSx3c+4rWnMPwMhalBKQ/u8UWmWh/cjeeVBDMyjfj\nM1mr1RWl1hHeSaeYAOWeM2pxu27kmV0VaIZKUC3ZPYm1Hw9oJI43M5zUKZP5Lrzt\na4Ka1uEqPVKzI+5dPwLtxrXRzjGH1tgbtZQHf3Dbp2kRJwAArE0C8zorLfbzjnHt\nd081whNr7v8IA5rNpI5CuXUYHT0VrHO8vhojq6Qhp0/2ZgR/o8r/bbS1vzBb9w/v\ngRmjLSECgYEAvf6y2nZi6x4dbAqFQoYBBDo3S0ZJOFC4pD5tLzQyLq1F6Z64HnOL\nlT4sL2UHybvUihK1QJucTsiYifQRlfacafgeOEL0qkwPhOeHPWekGh7ZHPD9hv8U\ns656nqaA6xFncdpoWS73WfMZTLwPIZWbU6HzgT7bNd/PXt1j6Ed4Jw0CgYEA7VNu\nnFc/Au20EhmIGjbrkeSjo7oB6w9O6u4Id8hBtEgfDo57WqQb86cmcfc4BmPV/HJI\nmkniMvyMPMCTij++6qBGZYZgucN9y9HLmUUgaDWGQe4K+d8KNjU6i+JorJzI4czP\nNiQLRpyVPzF8sNewqIQegTior8bL+P7AKgZz1F0CgYBJ4RyTLq3QV2mBdaXT9F+4\n0RpnPvGB4IGr/EpgrJ9G30HsUjeuP6frZL2xwEuC+nLvLc8lTF0/lWkbW7jq43Z3\nDnBR2FdjUShHufAwxHhfX9d1FZDASbg3FoW/42cGAUKEVzV0WHr+kzUnTYlkudQo\ndTVG8LY1AM6WSOhsjj3+kQKBgHRQh82oFQHibnbQfJwcfqgqXulHqNkDz7Hkp9HN\nHCa3kkEYI+zwsaJhMb55Y8P9+kqX2G2F+I70p+a+m5EOXQuxMc9gZNemsGjMkfS0\npIVudjap7Ec6wU6AGAmnFZZD4VCJiKUIVV5uL9eg8XPawoJU/n5mvoYn8KBAev4d\n23chAoGBAIogURTvsiBqBRkSUJIzepmSduly2SacAJOBf7vemcr2bBdn62KuSAsi\nwqJut25j27pgF81LzUFd+ZRwnn5DCTS02wqQLYYFWEmxifK1Jm6LGv1/6V8zDr/R\nFRXekvCl70sAKSXLWPcNF+t9DyHt5johz7f7qLtwRiLlumUbSjWI\n-----END RSA PRIVATE KEY-----'
David,Frew,DavidFrew@randnoteGen.com,password,1,b'-----BEGIN PUBLIC KEY-----\nMIIBIjANBgkqhkiG9w0BAQEFAAOCAQ8AMIIBCgKCAQEAoiwIPfPM2fPQxZ4QVD1I\njrvh5wsKj26eeR6tLbQ+A+Gh9HlTKr5uYzVGkbYiPnNXQ3w1gyCihzCNAH69kzou\neISdOJbP7rqLSqNeibYdQFEbqU5+fqXL951WCH5bTM6v+D/ddQkyHB4GAmPh/rYx\nckZK9k3n2zop6xI0opHjBSneOo1RecxFs4+SxgFvV200z5F+jpHMcBV0NQn1zHDm\n4KRZB7DDFXAeZNXXdNQqoi5g4xSi+0cm7yoC/gu68FNWYvMKQrktgNVuDwqEAQFH\nU3mWmoS2E5pvCVvRWZGXFYKukM2JFxE0MXFaFa2oAo8QjbIn0Ab3a7yj+tzhqAY2\nMwIDAQAB\n-----END PUBLIC KEY-----',b'-----BEGIN RSA PRIVATE KEY-----\nMIIEowIBAAKCAQEAoiwIPfPM2fPQxZ4QVD1Ijrvh5wsKj26eeR6tLbQ+A+Gh9HlT\nKr5uYzVGkbYiPnNXQ3w1gyCihzCNAH69kzoueISdOJbP7rqLSqNeibYdQFEbqU5+\nfqXL951WCH5bTM6v+D/ddQkyHB4GAmPh/rYxckZK9k3n2zop6xI0opHjBSneOo1R\necxFs4+SxgFvV200z5F+jpHMcBV0NQn1zHDm4KRZB7DDFXAeZNXXdNQqoi5g4xSi\n+0cm7yoC/gu68FNWYvMKQrktgNVuDwqEAQFHU3mWmoS2E5pvCVvRWZGXFYKukM2J\nFxE0MXFaFa2oAo8QjbIn0Ab3a7yj+tzhqAY2MwIDAQABAoIBAAE3tjfdIRYn+xcb\nbINLzn+5uL5LJyEUKq3oIR/PUz159CdHbNtu1e9YFv4FN92JX39cBKdfdSfgbi2H\nG2sD5/NqxI1MjaYwFhvIwZEomX1bzXmzFpOm226YcznIszlTAp+gnLrbwyZ9KVqF\nxiHiuYOmvKk3kbpsY7ViEDXoiZKPNQ5rrasRI040XgSeiJEB8ruP31/3Kw5aDrB1\n9ij2+O6lXwzXx4bT0pJ4MP7BxUTuEwGBoJBJGzHDFlid0RG6Eo9YtOX5B9qGCXtx\nnZoV2izYB4tfyGE3X4RQkwZ9gOq54I5Eu04DWDM1lug+Vi9+lqlD6u4JweeqLCnw\nLAH+mHECgYEAx4yJA0KeMUisCpBrdeNHzWMV+FPtf8zpVRbsfUcnangAylcTFFME\ni58fXtyEYMZLr7mJQr4JKKL9l1rMRGgSOtP5KtihPuWZeyJ4yrMJgqs7CC8l8gT3\nbExjTf+QjcAs/6B7KEJm0eYn+lkRbXAnoe65tDi6jaOwimiCaA8DKRsCgYEA0Ayi\nEeT5/8+JnsueKs3zqf5k1uIopBTx74og0wOSGQfRUw+0AAUKCwrAkKhadRvw4FeW\nTLA3gCb8HoRCkxs0XkeqocZjkDimmR7p5oyCTEFEJX/fFasVo+bs2xowPLgVBnBu\nsawhIkrFlbjXdA+pAdwYFeYWyYgM4fxPiwa/0MkCgYEAj5v/Wv5NlNBlKDEpdSz9\nlr2RqSbVjJ0u65LU3ZAguMnmX7hsvbrFUapRzFZNWsw62htfwk27j6hFcvDggvaW\n8Alvj7tZyEc6vthfMBnLZWPP1yL/Xv7eBe2vpgmfwbQlbk7Tc3TeRH8sFEqXdTg6\n/ZotwZr1/0tnmSR/fV4YezMCgYBRFktonA0QNgxWVtgbqM+qVttooRbj9MHi8bwf\nYknj9ZcRP5KRW2VxrkwlVWiEMlKsrZaH5zqKeSdUoYntGfJMOLR5fwA5KstL7K+P\nSv5RyDJOR0tkf5zcl9mC/+8DC2AudU2/c+4qFmhyFWvr8VqWvfipOFdzTtJulc9O\nyV+jeQKBgH0as6G9mllM80AieWHGgLkczWT02OOxEso3tSwo+E3PG8FsjmcJGKUe\n3MCOWlVvENUTMr2qh7FsAfLYofxDpOfNqxyjAcAo3icNDp/q0mt8s4W1SqfJg3tn\nnnblNP53JWv/kI2EeA62W+gyd3w8vVvw5RFtk+qY+DK7cReBxiu5\n-----END RSA PRIVATE KEY-----'
Jordan,Hecht,JordanHecht@randnoteGen.com,password,1,b'-----BEGIN PUBLIC KEY-----\nMIIBIjANBgkqhkiG9w0BAQEFAAOCAQ8AMIIBCgKCAQEAwjlmn57XEWbHN/Y623hy\ndwScxaHqiEYXdgD8f6yVmMq26GWW8LVnRh3fWmnaitgY5LUgjaqKoi+DzAqlNOt2\n2g3AfqwVd8qxwrFdlf5gbx8dOP+5Dirw3Pep2XrMe589exISXjw0wT7FeS7My8ls\nvsW6CT1dkEujbp2zZA8idmbgGPS0wIo9NaRIkYNsH6NB/atTfvtNcLNIBBjpHD4R\n8ZVeUGR/r9ZphDGm+2BlHSvKAexT/GMrcjbyPtDkyZRKb+A7yiUqlhVTROhDjiDi\nxsZANxh5Vl5XZv0rPJlI96/2U1VSNkDRX/Vd/CqSLdGBDyIOpsGhSTAU0PI65qM/\nxQIDAQAB\n-----END PUBLIC KEY-----',b'-----BEGIN RSA PRIVATE KEY-----\nMIIEowIBAAKCAQEAwjlmn57XEWbHN/Y623hydwScxaHqiEYXdgD8f6yVmMq26GWW\n8LVnRh3fWmnaitgY5LUgjaqKoi+DzAqlNOt22g3AfqwVd8qxwrFdlf5gbx8dOP+5\nDirw3Pep2XrMe589exISXjw0wT7FeS7My8lsvsW6CT1dkEujbp2zZA8idmbgGPS0\nwIo9NaRIkYNsH6NB/atTfvtNcLNIBBjpHD4R8ZVeUGR/r9ZphDGm+2BlHSvKAexT\n/GMrcjbyPtDkyZRKb+A7yiUqlhVTROhDjiDixsZANxh5Vl5XZv0rPJlI96/2U1VS\nNkDRX/Vd/CqSLdGBDyIOpsGhSTAU0PI65qM/xQIDAQABAoIBACc8gFpbtNfrmvBX\numEu7nTTxjX4tVANVNz+awQB4gDJZvUA3OLIytGz5DS4MLGe4TyGyMpFuxbzoVz9\ng41yygJYB9yvN/EIzitmOGE+T83zC6zBoGlXzGvfTn1EXP3WWA2+Q16tK/0kCLGn\n/jBnAyRw/lmyf23QkfYdPqnGkvA3EwFK2fnwlPXEZH10Szo29AUiLoes9OTZfqvF\nOnezRsf2FKQLVyYm/notwDsxAZ19Vnx1E3wj42wnf79HPryhbH719Dpe/pqGYGoX\nAILNjjqRi88Hu0n4ytyyLXUMgiLMOxpHZz1RFPDV6khnj+XfwFFcbfsxhAF7E9TN\noQ2MEaECgYEA1kYAkqpD8J04Y0UeoxGVpp1Ue+QUZPQtlDc9GtqVSVEgAbWHIHxX\nu2p9ezq8iEzmOu7m9oR2fNTolMOQjgQhZ9ag/EDsA4OUlUauTfND7d8ofhYINIl5\ngl0HS/cF4b1H/RowAwF6krFu7BDLR3AhXIgMc7mTuI7DwxEg6Ma5ZHECgYEA6Avm\nsvT6DJ/5nVArHKxw7ox9QArAdP7q0ek6Aac1Kfq2VrICqGNqor8tctLIS6NsLuQU\n2EIOgmRc5evOiUKbrBK3nwzKkfFBQNnCmwJvfpg1Ez4WErTRonmsghPBzmZIQ6hC\nqUTz1Zd9ML2xmYvgHJ32v3MwJfJBIsZLx2n1apUCgYEAxfY+qUHtKuvWIMDHIVkp\nrZlFaIC75tlBEuJF7f1sVyRAMdQIV5cJZvlnnOYTMMn7Gw+FCtQus/3wMyDK+KoQ\nQuMkMGm6ozR5ncCDYTkS1T2LJ5IrWn54aFySVTiPkpNRYyFCokRHfie3lxmc9Q8/\ng0GeX3xgYe5kJmA4y1ZuCcECgYA+Z5z2ec2ZgZhmxz2g63s/nEa+52VU0Y2jQD7a\nXPZ+QK+y5xKx6HKwLAvz+l3lgaDBh5NXiYRPauBU8TLNVT16bFo3iwAbea9b2nRs\nrZ4AhLyZXTQgecJ7GI/dN6UCdh1vHJw425Nb2O7RIeLWcXinGZBXcon7WohL6tpM\nWeGndQKBgByUKFQSqRDmK1mnhyCQVagixzsA1NLvDx+fr6c5aUduGN72IRHgVpLz\n9Ysar8PI8XKKteJizMB01Tlx9jojorqFUOJ8EMmPx2lCCJQx6GICtwtzhAfgzr7H\nimxnabfd87Mjm2F3R/7X2MSNeT/RiSXMYBgE2RJFDwS1/MJB0MnF\n-----END RSA PRIVATE KEY-----'
Richard,Jackson,RichardJackson@randnoteGen.com,password,1,b'-----BEGIN PUBLIC KEY-----\nMIIBIjANBgkqhkiG9w0BAQEFAAOCAQ8AMIIBCgKCAQEAvCim0wca5Mg5EadPIUs1\naOuGxRzcnYhnKNyYo1GPbE87KV6DqXYKft8Buf6AquDST6dZdHDjdecyg+HCmGW2\nC874szKSo0gq+JrNq/PKrYsNzgRj+Br1WvjYE81hrEupqfTepEci8gzFCUA+Lbm8\nU4dapvnQG4j+hmtu9OTRY7QDrJKJ9dXV/OtAkOCWc1Fbp7LgMbYqmjX8eu4eZA/J\n1c0I0Ym7FWPs4DJajUga8M0aMUY0kyB9WVUzw4ckvi1HdOrdRP5YN03l42y3rYil\n22bCK3M1GYSiHRAZxjp5/jZ5aion+nT6ncWI1WFaElRVYn2PFtXXPmdkr2xjV/vI\n/QIDAQAB\n-----END PUBLIC KEY-----',b'-----BEGIN RSA PRIVATE KEY-----\nMIIEogIBAAKCAQEAvCim0wca5Mg5EadPIUs1aOuGxRzcnYhnKNyYo1GPbE87KV6D\nqXYKft8Buf6AquDST6dZdHDjdecyg+HCmGW2C874szKSo0gq+JrNq/PKrYsNzgRj\n+Br1WvjYE81hrEupqfTepEci8gzFCUA+Lbm8U4dapvnQG4j+hmtu9OTRY7QDrJKJ\n9dXV/OtAkOCWc1Fbp7LgMbYqmjX8eu4eZA/J1c0I0Ym7FWPs4DJajUga8M0aMUY0\nkyB9WVUzw4ckvi1HdOrdRP5YN03l42y3rYil22bCK3M1GYSiHRAZxjp5/jZ5aion\n+nT6ncWI1WFaElRVYn2PFtXXPmdkr2xjV/vI/QIDAQABAoH/dQrJIXYtiMIJUcoW\nlsFlAFwV1E5kCdMT21zU1H57buRAnvKpFeh5mTNYRf89VEynaciNjP14rd68npbK\nxRK4vwYWynJ9es/9bcPu4i9jlEvw9Q5OpBIg6F8hPTApqHrrPJ/iUFlnNfawKHG3\nH3B1Tw5mLaVObfSFWX6igOatQqwuF+nUab79Mjw3XPHsxyAGEYw/ClsDmcU05vJB\nkr74ML5oAqdzC5JM2gdXySxs/wyDbgzTKg3bO2PmSf3041bnW8p8Jvuljd5ZPYbC\nIjWkO088YxxYTHSlqO+vsPXnXoe7gVJFEUz8mZ3/E5jTf9XB0TyHmcNHt3PjFBsG\n88xBAoGBAMlsBsekgheoUipcRYfgi1kNyClsK4DKIOPEb13Q9nRnYe1DA9cYk6CQ\n49uxmN+9zjGblPYQ2Lo8dQGNsNgN/+HpWszll0wgPwBsyBlpdTHA+KJjkCvt3dAy\nNHXfdh2Op6NfW4NKLZjixq7ojBqlcRlyUYFOpJkfG4esqiq+2cSFAoGBAO8kmiwb\ntU2SATPuSokyIWPsoObW778sxrSs9f7UE/XBwnVw9BNFDN30wLb1JbW/BaCCbJnw\nnNwfzTq6Z81z3P6b4R+utVIaeyd8RipZ9IVBjjP8/MuH9lJ7WoMZGT/4HOQPiyEG\n2bFE66xMJ+1a0eyeH7T7vJSN72cyEcmnGLgZAoGBAKP7Ua25bbwq6fHYuza7BVeU\nE9A9Y1FvvcURCIW9eNgdzqjl9Ttpo86GByu187q8ASF8A5Ms9fTxAWUpYL8U7qyS\nWb0Ucc+lNQV4ipO9uo6uBv3VxusstXgpV3JbYgMAP9SO7qb9fg/JGG4PnviWlnRc\nEKUQTIrou3YCiWtRg2MtAoGBAKDHDfQLqOf++loMogX9Mx+4LjEkXkk8dFdyVWy+\n7rByVSeaCi6OZOkwrQQUawb253STWypf70W7B8KtIi6p7/EpocAoOHV7okLYtV+x\n3MheW5muQ9MelMe9cQvkquosCFh37sUEkwUwXfYXuVxFjA81/AE0ogOKLWNG8ViO\nw/q5AoGAJfuxCrz1bkrxmm1m3RDGW3E91Bqv5jcX0AxKh8Bi7gF+7h+VD0v0VURf\nJUrUPDXqb/hjrs5GTE5etKHZ9QI8SWnWHehaGkz4HYZKRNM6sUnBcKK4IvPkbh5H\nIrHJNFahCCW2xW04gtVm80QXYb6y9w0HtVX2vCO9JK+gkS8gP6g=\n-----END RSA PRIVATE KEY-----'
Jennifer,Covington,JenniferCovington@randnoteGen.com,password,1,b'-----BEGIN PUBLIC KEY-----\nMIIBIjANBgkqhkiG9w0BAQEFAAOCAQ8AMIIBCgKCAQEAsLYtHSxmRChlZ8H0uuEm\nIYRJZ7RFYY+ij9b68oNMt1fROQK2xYg0k7C0JH4eLYFarIHN3rqeBXAhFBarhsWB\nKDqFxssawLozxzOSRewtwRczZ0UFqabmODhnUk7Og1omnkekeZRJ4hGnqW2mDJdN\nd7Izamzo8sqmbq2pxq3Dfu2jf/jmmK1BEZcLpl+JXJZEyplWqSkVGNJGrxEnZi2z\nkSu2Y8JPijv1TskVUoEXtcxf8xAjNneZZmAZscCawzTkO1VpwFqbAIHVlTV2wnk+\nlcdVMzyEhBb94DigTsMEYHu1nlMmP1kDuMTNHQJUMHfNFTozHJj/v5ii2c0NCe43\nJQIDAQAB\n-----END PUBLIC KEY-----',b'-----BEGIN RSA PRIVATE KEY-----\nMIIEpAIBAAKCAQEAsLYtHSxmRChlZ8H0uuEmIYRJZ7RFYY+ij9b68oNMt1fROQK2\nxYg0k7C0JH4eLYFarIHN3rqeBXAhFBarhsWBKDqFxssawLozxzOSRewtwRczZ0UF\nqabmODhnUk7Og1omnkekeZRJ4hGnqW2mDJdNd7Izamzo8sqmbq2pxq3Dfu2jf/jm\nmK1BEZcLpl+JXJZEyplWqSkVGNJGrxEnZi2zkSu2Y8JPijv1TskVUoEXtcxf8xAj\nNneZZmAZscCawzTkO1VpwFqbAIHVlTV2wnk+lcdVMzyEhBb94DigTsMEYHu1nlMm\nP1kDuMTNHQJUMHfNFTozHJj/v5ii2c0NCe43JQIDAQABAoIBAAa+BK2ixooeMnRJ\ngbFpqr9HoVdcGPOWe+DaFnwPR2uNZbWzpU6XGk5yRQVJbJRW5aNEVpsDaskRVKnE\nDapYOcvTo8wIbs5grF4S2Sdi0gIWhQcRKpyk+g62FDcfO6DmXSfX2u4qmsEN5GRC\nAz5ivXluKqkKW777vWrmpF4ovhdHIIYhwcMOXHQmXDRgIdSKkrUCTiLKq00Gjb+L\nyqkpyrqXMXAsJiikXnjD0pzgpYYQlVR9a4JUEb/0w2BrYWbkJDUD/oMEQ4UVH85Z\nt7HytAtX3/N+4hyae091ao+Rvhn1dnKCMvqKzNyxLpOqkbeLPIKu5pQJU5124Etq\nJJstELcCgYEAvCffBqSlzo0WnJJj0F9iW2H5BiytqLLUjtC1Cg6QwrRc5quYOHLo\nme/Z8VEJvPVyCUnQAX0O67RLC0Sf4O4ROVphacvHYrqGBAsxufKMv9KtAfgrY68K\nrVBcYrtyJZJ7fOvJCXaI89L0Un0HOcygk9nwM74yljJZDqtzHzwnnKsCgYEA8G3u\nK20UjQhitSH5jTQ93krIBdd3XrX24chlNIkrabvMZwzSxxpXzHyK+YyFsp9gL1cD\noCM1ybGexiCs2b9G4EDpz20mYvs7Wz3+0ZQKzN94YbsO6oVwPvVy49deAjUXKgJH\nNW7lHGOIK+kduCUwcRZ+IhTz1YhIqgJiuz8x228CgYB+VPr/N9+IHt0WxYe1KcYd\ne1u7lJYJFgF33pQfq4Xw5S8XRhGPnT+l1BBuYa37LIWjzOaXiUNSaRyV9T6vxMjV\nzGRpp4Q5Oumun2GE62ErjqXRE7L2XFn74mAVfqv2pDK7voieDPOJWpPnKsGGQmly\nvDr2UvceN7HqEp3aVAZ4vwKBgQDtszFp+6D6whSckadgRAr6r6JLrDdXCr23gWEV\nbJvgIAw4wYPN1qyA/YyEpbo0277DbtqlwsnVy2Z26S0a5jHTWjoOmhH+f/WyAnvg\nheWboUAqFz7q+9v6Ur4wpedKdWSeYrw2Bpo60+h3yTRZr2LSG3O+jEp5jRCSDGPC\nTfsjvwKBgQCVzSQCKUFZdGnJe4J0cfDrZhI0VsQgWt5zKzLbhg6vyJ9NnZCDiPWS\nvlGHl/6und7wwVPZPvti/VMYjZLrN/b7YZX3a1iIKNgq3hTPqBRXvdBjWnGXMqJg\nDQGjI7M04eCIrjlnxTDOnmaSZDmHMhv9LAhpyHQoqAWZDlxfKGFcDA==\n-----END RSA PRIVATE KEY-----'
Rosemary,Hughes,RosemaryHughes@randnoteGen.com,password,1,b'-----BEGIN PUBLIC KEY-----\nMIIBIjANBgkqhkiG9w0BAQEFAAOCAQ8AMIIBCgKCAQEAky2ru97njI1XscMNLI6g\nyXSv4tJCCOSm1NYOXMuwViPIFGIhjzeg1JQzZNelESIHGrVsJRU9NHfO6AAVVhnA\nNjUI7iynDe0Q3K56bEpgJ/QmL55UDdg0zZfpAWAWOw4eZuwRtjm6m6KHv6bSJuXP\nSc9osuRcfjg9jOG2loXTO+LYY5zjgwu/wJK+9lopx9rzQORjfOKSaQzY9ziLQukQ\nowm/f4vkLbssLY8TGnXkcnvHdQfBYGv+g2nyL4E809gMo5rqPyX9Ixl/MFn4ai0K\njvUWhJdkT/P3MdM137yPNQBCu8v6/qmY/pkVcS6ysWj6dB5O+W/gEnqpQxHTuWS7\nDQIDAQAB\n-----END PUBLIC KEY-----',b'-----BEGIN RSA PRIVATE KEY-----\nMIIEowIBAAKCAQEAky2ru97njI1XscMNLI6gyXSv4tJCCOSm1NYOXMuwViPIFGIh\njzeg1JQzZNelESIHGrVsJRU9NHfO6AAVVhnANjUI7iynDe0Q3K56bEpgJ/QmL55U\nDdg0zZfpAWAWOw4eZuwRtjm6m6KHv6bSJuXPSc9osuRcfjg9jOG2loXTO+LYY5zj\ngwu/wJK+9lopx9rzQORjfOKSaQzY9ziLQukQowm/f4vkLbssLY8TGnXkcnvHdQfB\nYGv+g2nyL4E809gMo5rqPyX9Ixl/MFn4ai0KjvUWhJdkT/P3MdM137yPNQBCu8v6\n/qmY/pkVcS6ysWj6dB5O+W/gEnqpQxHTuWS7DQIDAQABAoIBAATaFhXA8PA0vqXZ\nEMedwhYyFxRKqyug4hEVJ28Otfb5AgEOBR40DsTDR/h0lXf9n69VOMX2L8jZhEQo\nsItgmPIQiIVVioJOhOZJiDamswnOJi4esZWtQXxfnCpT8ResTPtGoATaXVkBICmE\nxdvLaqx7vm9bUONGVl0dGchXjBGmyXzXd5yZY0nBOYUZ1nfnSZQNIlrok1A9VlIF\nUYnD5WE8hgx/tnx2InvMrbDAO7DxvsAbmzVWNJlLOZf7eaYDBEZzuAKHNHICWtn1\nMFxu2a2cLM4bASXz5xr700as9XbT2ROu9C7S2SrO0/EEVMZkt9h9fKXsLHxnKPUe\nrl4FnWECgYEAuaSkAKOkYucOC8FAQEdcmra4JKanNpVYUrIdTzifolhCVbrxpJhW\n068g1dNcnJO7PcFmIxMnL+Ogy5Fh5Gup1sH+54DE3q6T9QiuVbo1TMmTk+vF33UG\nBM/wPV3q62CPWee5CHpqU2FKZbueCvfNogqoWJN/aloHLhfG9P8ZKP0CgYEAyvUg\nw5VJooFrMR/3qPR3TDxbtlR+CvqNalKoO2DpYGm3cTrxslJPy0Kh9kAtE1uH4Ebf\nnGmoWOdBupamO2DQgl75RIlFGVWtqlj1PWwbRoOx6plQoT0nDXiV+uB3J8uEaZ/g\nAxKNHyVGxvOua80Zc2c6s1fM+4wPE5MiK3xiv1ECgYAYUjOSSd4dfvveGmFain7d\nXhbd5l99zS8XFnK0kEyJrlpydN13nOWzMfxxRxGZCdm8C3xgGABIS+AjC1bx4BEO\nK7hDiCFCs0h7D7oXTR/ygW4uMPNphSFWvA9TWtyOHcZqFuus6qzHY7WlgmEAOtrb\n4d2QTTKiMk1Cgqb0Lf+T2QKBgBDLTeXBQbGXwfXzrjul1wVQ7UneHfvsla0Zn+Ah\n+c3Hka1l8kAOPZoVLm/BCbnTViAB3VkFCTAqGq9E7gZ10WsoTroUHcql41P4PnrR\nqkQge6VtAFYHSGb99nMnBdUeKxvOZev7KgBMxlmKKoGzHAsHnLzgZA7gnRLClw5A\nIa+xAoGBAJDW1/XXm5NRLi+ev7iss5UrfatYlTSKiRRFw1oKypcKompWsKYcatVs\nvoU3CWewXnWrYFueBaJm8ZRObizqQL2bw3wLGgOEraca9r76a0nX1BzdxAU0X3FM\n06b9RGvOA422aEO127m3NZGeujBeUR/rVVKNr6roUiYvTNlPOT8k\n-----END RSA PRIVATE KEY-----'
Joan,Mccormack,JoanMccormack@randnoteGen.com,password,1,b'-----BEGIN PUBLIC KEY-----\nMIIBIjANBgkqhkiG9w0BAQEFAAOCAQ8AMIIBCgKCAQEAt40uwiewQlFbozqB5X8/\nYMIG+H4/EmFL37l1cvLBnv6+MWkVCofI6dTd/weNxgs8/QcgXvHWCOHQfsrJJiaK\npRSBSK3g7vvBd7IBGVKF5iT+LWPL42lxzuwbxV0dvcZcHmFRzQ30aNv98C/wgQDY\nUv7ko0BPe5/peawVbFCtSynwsCg1659IpxYYtx7GtMNveUYIU2XyCqYDnvh8/VxI\nnbaGfzn0cy7GR2CQ6aZqtsDjEt4UUcqx+vssAAdfPr3d58kbKqxfSn+KTeVQFqpq\nC6mjdWDRdBKPmqNgKeHoHSyZStWV+kJ1yXmiPXY1qK4Tt1aNXgYGpFqMqjpPIccZ\nrwIDAQAB\n-----END PUBLIC KEY-----',b'-----BEGIN RSA PRIVATE KEY-----\nMIIEogIBAAKCAQEAt40uwiewQlFbozqB5X8/YMIG+H4/EmFL37l1cvLBnv6+MWkV\nCofI6dTd/weNxgs8/QcgXvHWCOHQfsrJJiaKpRSBSK3g7vvBd7IBGVKF5iT+LWPL\n42lxzuwbxV0dvcZcHmFRzQ30aNv98C/wgQDYUv7ko0BPe5/peawVbFCtSynwsCg1\n659IpxYYtx7GtMNveUYIU2XyCqYDnvh8/VxInbaGfzn0cy7GR2CQ6aZqtsDjEt4U\nUcqx+vssAAdfPr3d58kbKqxfSn+KTeVQFqpqC6mjdWDRdBKPmqNgKeHoHSyZStWV\n+kJ1yXmiPXY1qK4Tt1aNXgYGpFqMqjpPIccZrwIDAQABAoIBAC44y98RroWsxjZP\nG/nmdtfPVIEMDab7wGcY5VYqgo6e2NdJfoZ11iboN3Uq+k02dEfFnSW7oan/74iW\nWVwVlZFnnfzm6H9V/4y8UyGE0fo4M5fLi0L7wTCZ7Y5gWgZ5pqXx3O8VxggH6iUr\ndVWPGGqiDIJ9xeY8SUeeCZEKqfEEsrd7Sdfu+F5vuBm9kV3lqqie8J/+U8yH7/LR\nMNU4SandL1LykBDUUXnKgPkZCN3XFei+45RdvMhNJf8XUwgR5qlEBm4PZ6nSK0jc\nv2undzOh5SnCC1+GNye2S6rXW8YlMJ0MNTrQXb4ePYVVxn5DWyk8lwf+QSLPolfZ\nCLhi6ckCgYEAuV/DUL8zBsuinTcQmAJJqDREBd2ldnPocpor4zeM1FvTVVfwDh2s\nBLXYerQ2DoZ75oN0Xo2SxY1LQ35lnQPnDIA+AhraF5eclecGdQ09D897yaB7y2rO\nQFUis2E1jPfF6HXPtPvff21bhtFs+k9SKr4nK+4umL35Tw+msvZrtykCgYEA/Xuo\nGGXjs59nQDD1Muq8mEmVEuFbwICh5sGxWBDa2XJXU46FmNCvO03KptzvlMkX0+IK\nPLsxgdCZfylfReFyALiHI6ur8GT/D4Alh/D5dzG3AI/25iKOu5eJsmuaCOT3JhEs\nSC2iW8LYXRcemiI5dZo7q2teou0bmQXznKTKHRcCgYBiRaEukl4DsTqg68sxOq0/\nrY2OKoWIOUQ2VQMFLrLK9W8gpEDPyu0hhiGgUx8BLkxK1M+BPL5dWl1XB4/o4GPB\nXc8BoKiTrz1EvrfOn9kKI611I03ddd6nfjqqK9OOyt+xL5uQT6KZVCkcXLPQMvLV\nU/9CK7+qG7QqNJrj7v0FmQKBgE3ksOwGa2loI4djRAYIgjnd6rRpkhNes+HARaoF\nS+skKtefZUhnYGG97vdFz02OWgcfX/v3nigBHRopcYB83daA3e5FM8nkj0iJHX9f\nupk5Kr4+fyWLGwdkcsjkLeprydLl1hC8DTdbcbdxglLlD3knEw0DKoqwiBmG7ayG\nKyGzAoGAYgOKPY6hDrdmMSE5zXsgzxJA6gJ2osQuQUyiUZK9gVGdF3sNt5PRCDE6\n1A8lpkNtxfq+Gh8bWJRRagU3ERln2yKB9hB8uHd8X2wRTPZFWBSGWJ7AExWh3/RX\n2R6gR6tdG+zRPup9mthoKwTSUCaH2LlU83VAz/+3F6qBD9tiPd0=\n-----END RSA PRIVATE KEY-----'
Bryan,Tapper,BryanTapper@randnoteGen.com,password,1,b'-----BEGIN PUBLIC KEY-----\nMIIBIjANBgkqhkiG9w0BAQEFAAOCAQ8AMIIBCgKCAQEAvWwKaZC4mPSfnBFhFg1u\ndf4De2+Z08zrQfbDTIBPFItKUKy/0stRraggP40+l7Esn88YN0Lca+XY3vHahygX\nNxtMhA3ZC3Yp+S81dpgsj5g1kT/urTdsPfZAHhGC+mzRgeNm+1yGd9cDlqrRPZjn\nNxsJ8gt6xvG7Lk0+rk+x8AqzEPxwJ8FoIMktUj2iBzuwTVbl5Odj/Dxlz+85sPTQ\ncJ8IRnDuT20MFvRuSxa86rQkobFd4A1PtDTsltODFMI7LZRT21HSlLttWXbRg81h\noCIM7vs96PKUfCXMCr40EL9L5t+YzPCYNAVnkA3ypwaqUkxxkrslami5Io1hV8r5\n0wIDAQAB\n-----END PUBLIC KEY-----',b'-----BEGIN RSA PRIVATE KEY-----\nMIIEowIBAAKCAQEAvWwKaZC4mPSfnBFhFg1udf4De2+Z08zrQfbDTIBPFItKUKy/\n0stRraggP40+l7Esn88YN0Lca+XY3vHahygXNxtMhA3ZC3Yp+S81dpgsj5g1kT/u\nrTdsPfZAHhGC+mzRgeNm+1yGd9cDlqrRPZjnNxsJ8gt6xvG7Lk0+rk+x8AqzEPxw\nJ8FoIMktUj2iBzuwTVbl5Odj/Dxlz+85sPTQcJ8IRnDuT20MFvRuSxa86rQkobFd\n4A1PtDTsltODFMI7LZRT21HSlLttWXbRg81hoCIM7vs96PKUfCXMCr40EL9L5t+Y\nzPCYNAVnkA3ypwaqUkxxkrslami5Io1hV8r50wIDAQABAoIBAFLGKCSqW6hnWWoL\nRCgtVWRVTHM/uPJPfUyVhxFijmwVVDO90ZNNStN+gR0UXVJPV4c8KcJYQtcZmTQP\nbuWZ9M8dbEnWfU6fY8cixJOe+vYC1wGydNuXuQK4nZsmHtzM+Z5vX1yfOZmbyVMp\nMQdgTkWL2MQ/FPdjwd6BXc8xPzn7ylTyAEN3jvnUEfwIJswWf9YR2mRF+0QpCmhs\nEbdUBnqujP5DJF8makowPdcjZcYWZYxJQGcQVipx/c6F1xpZB6XzPwVNb7JbyZJ2\n+9mybch+1elx+SHl2UwyacpE95J9OVpF9dd5v1qWVnjwL9/28/OaELkPnA5afBWC\nW+1LWmUCgYEA0zFbGj/riBMf7mXyWw0VEr4OCGEjW/8SVFhLJpm+9loyl4Z8F4ac\neWcDgsOEy6qI6W39n5vmMqMrdACKhXSnZwgIvm19WakNx3Eb+5qFWiy6O9gGI8nx\nUjnBb+Yzcko71lxfdu9o5IhVyWiminS8uUvlasXmaBdvbtmQ3FzX2V8CgYEA5Zw8\naqvVelnJDW+LXfdWPR7aO15oAPGXDDGTveOsvha343z9EhVP8Ovj7CW+bHh81HEe\nklwDawH9wRPvYWRfhCEV63G7c7lzO3Ndbfd97VTotZGDKiZhOM0sPtERM35Xewi4\nmVlqRGY109/791gv9N9tnb5DDOiTqJnIPqIhEA0CgYEAsUXVpeQPrYn4HKGAXINP\ntArKNqhrCNbDqP7wHfeh/qHZo60kTo8UmycoIEREHL0J7X8BDE/NW6XxXI7zt3Ai\n8G4jAM1hEbjAsy+zgG/FDdtLe94p0TK6mP2X7Hi7qGy9a4LgMzJkxqfV8pkgaknw\n/EzDxutVKvy48cA4Q3C/UlsCgYBD7SCCfis9cupjqygTuGQu2L2+6oLiJJaG6PPI\nLV6hLZ9hEUzc2Kk5oM9gwRnAhTSItJ5Sth3cvk4PnJIowcTwFcmiSZcm+Sn54Hs3\nWQxL9d6SOGYRRiFk6G26d6cbELlYkI/r7ePeME6kS5MC7XfifWa0T+EOJI/qRPRU\ncypM0QKBgE+C62VWYfhuZpd+xKHBXKddbGk/bUVNOeGFLNLIrtaIGKNv6OEXz3wj\nuoO8fPx7KFZZJJ5HIrFXK3jRyrP4W2tmAuGkZnun9GoWcQMYGuiq1d4zByonbdfd\ndUWRCVDZJ+ChUJM6dERiQhKrxI5f7EPza59Tw7UQPrCy9XB3ZB9c\n-----END RSA PRIVATE KEY-----'
Anne,Murray,AnneMurray@randnoteGen.com,password,1,b'-----BEGIN PUBLIC KEY-----\nMIIBIjANBgkqhkiG9w0BAQEFAAOCAQ8AMIIBCgKCAQEAqphnxrZOewUf7oKoQx72\nX6m4zduPKjtXIu0jhYgcIEoKApibg8T/rMGr/AqWIMBBG+ckBHzjWIrC2QdsHtth\nzOzb0cSE8jlNfdZcHBTWwglwirA0xk4SR5GOz+NN12sjWmFAaSKr0CktFTyOm8gA\nMIr4drYd4lHBmzn5QCE7GwoYOscWPdMvhkWJ20kYr5XMg/4ddvX2sDI8hvuPV/hp\nsWFUwPZolah2is7W8bcxUkHtn++T2K504SXWmWZ4tJZN/SpwIEhQJR+xs78cifBO\nLBjEZHyEXTK27tzn53I7g6EqjSApEVftwbry0bs0iLpaYIi5ZWFOxHEzMIjdOIR1\nMwIDAQAB\n-----END PUBLIC KEY-----',b'-----BEGIN RSA PRIVATE KEY-----\nMIIEowIBAAKCAQEAqphnxrZOewUf7oKoQx72X6m4zduPKjtXIu0jhYgcIEoKApib\ng8T/rMGr/AqWIMBBG+ckBHzjWIrC2QdsHtthzOzb0cSE8jlNfdZcHBTWwglwirA0\nxk4SR5GOz+NN12sjWmFAaSKr0CktFTyOm8gAMIr4drYd4lHBmzn5QCE7GwoYOscW\nPdMvhkWJ20kYr5XMg/4ddvX2sDI8hvuPV/hpsWFUwPZolah2is7W8bcxUkHtn++T\n2K504SXWmWZ4tJZN/SpwIEhQJR+xs78cifBOLBjEZHyEXTK27tzn53I7g6EqjSAp\nEVftwbry0bs0iLpaYIi5ZWFOxHEzMIjdOIR1MwIDAQABAoIBABDPd9py+ITS2nSs\nV1xV3r1KgjV230KwGkQMziVIZk0gPqBG3Xw8m10wsHvjpyuPBltziW8Px29gLRcp\nzhO0VozVAkxHazpbPzGZP/Zcb1UrjPV9q5Wm99Ipm8MMiQ0jN5aeYrR5gCjBBfpD\nv2HGcY5XA2jfRU6Z89QSAGe7XpGpYX1tXaWSLUKXFFUEChLHNn0gw4GBfFwevca9\nyJOvEiurUEk3BG3uO24zbdmgWMNkS6UjwmYA7G9wryGEFlehtZxcqgVC4NUmRNsH\nZEHTXLDuFDTTUpBJ6/1nBQvFD9mej+weNSMNsq8hT1RCOmex8mJ4KTtdEuKLTHue\n+ldIRwECgYEAuKpt+QptT1/zmQZ+wQ5PZfa1laHkbDP0I9Y0jEyDY1N+YIx9ZO18\nsiElm70crltJ8C27tRm40T1xHnr2rttBbDVcNbdWAB+QlDYtriU0dWRFN9fp8kjs\nl/UxcMBZzUsWFaP3cSnUzozLn/bp8l9cvbN0OnW0TW5xuvvA+pf3QsECgYEA7H6O\nHF7uNPNUH8MYjMujvnYpqjrToJ7YTZeBCIlKdNsXrYtQRxaBLcK9SZfG5M74BzhZ\nyPPySsAfpbe4BQEMr8BDT9GkS71KOCgsDvg2ZUF+MnMQBKgJEC0pqfDc02+09eJ+\nh89MWUmMXLPoYeCSQHSH3L6/OujR69dolyQOGPMCgYAM2geXSmt7F7FrV/FgXC+Y\naAgRJtgv05nNGK5FiVmngvsLmxtq98Ay4W2tngat97p4laY3n1emcEE8HtCmMKon\n7rrBHkZE8e1s8yxQr1QsS1Mp5MPqUbrthGnxb+GQEQazcNrarE+cJF5TfqqfbJWW\nujN/kgt/TA1sNvMiPYs+wQKBgQDUYNpyM/YraxFy7JtRZVcJJchI7Uc7iSqqk5H2\n/oP06QQcf216SYV8eNPQERM2S3+FzF8lDZ3a7yn8gj4pkEW6Vyibt6KZucW7JKhc\nUR9YUzZnS9lotRZehpBR4tIMttaFsf77K3he/qOkZJQdwbTVWVDhNhM5bfeGmg19\nHY3jbQKBgGmv8w7qYoKzUIDPpCki0PTx8RTxNxVi/jXgtCRFGvjyFPkDDOmJAg8o\nhKZDOpGr9wyjYVmemvkKBMtg6E7Drv4pbaoIdERnURYYmZX5OyDQNF1tfAdE5pD9\no6tw68S6oDf7C8LWHYFIIpZpM0mPV/bZLiPIyS9xRPNopZv6U8uw\n-----END RSA PRIVATE KEY-----'
Holly,Labo,HollyLabo@randnoteGen.com,password,1,b'-----BEGIN PUBLIC KEY-----\nMIIBIjANBgkqhkiG9w0BAQEFAAOCAQ8AMIIBCgKCAQEAy5r71t7ObaLF7QCVKjex\nwVSKVbK4ckjLCJxnV+TE1+3dNp8vFCeDBPf8D3r30vHV8tFpCJqY9SZeHAd22w9h\noNGRdZE6DClI1bDAPELWLb+lA+fhNZ/qL4aHJacp4DmivbkaI8pWpda9Y5rZMATO\n17kdrP1lPlVHV/slJ+leZH+vvKOA9E9IKRLT31walV7rYBLJ4vmlOzB7tj32iG/o\nX0HiAwa9A53wrHeSKPYj0vGjDSd633YNarhxC0bDpWhTNntM3uy5wpn7bgzpHKS1\nq0khdVoMXvS7Hmi75sOR8A5P+aFUxsI8xmUefgclc4JUtUTzE7PwSAnR33xirOjx\n/wIDAQAB\n-----END PUBLIC KEY-----',b'-----BEGIN RSA PRIVATE KEY-----\nMIIEpAIBAAKCAQEAy5r71t7ObaLF7QCVKjexwVSKVbK4ckjLCJxnV+TE1+3dNp8v\nFCeDBPf8D3r30vHV8tFpCJqY9SZeHAd22w9hoNGRdZE6DClI1bDAPELWLb+lA+fh\nNZ/qL4aHJacp4DmivbkaI8pWpda9Y5rZMATO17kdrP1lPlVHV/slJ+leZH+vvKOA\n9E9IKRLT31walV7rYBLJ4vmlOzB7tj32iG/oX0HiAwa9A53wrHeSKPYj0vGjDSd6\n33YNarhxC0bDpWhTNntM3uy5wpn7bgzpHKS1q0khdVoMXvS7Hmi75sOR8A5P+aFU\nxsI8xmUefgclc4JUtUTzE7PwSAnR33xirOjx/wIDAQABAoIBABxYYXAqs6VlcFWh\nlk1QKfcxfFLC9KpgbPewF95k0xdWnkyWQQ52vmbzg+Fp1qpE5cAOHFJzfLuVvFX9\nn16O7SIKRaG5oVGucQfi5AMKW66hzBOCSthVgNuzSF8Fvy7gB0KPdvlS7YOH+kot\ndXLEcJbCxu6y66SPvcTHX4cHa7nkzDuaFOUuDb3ZLPbSd588obPIln+DYRHhIh6R\nfCJQr+7QcUeG+vBAFYRUx98sVvHR4TXNrs/Ti2dqQ0IZcARU+b7PWq4JraDPM7QZ\nLFVvJpQL0hh9shrin5kHN4lCjez1utenuR7laJTy6ns1vHtZvY3u8gZfA0aaStpP\np2/kY+kCgYEAzKUwXd7vq4+ieKBGijPZ+Olec0ASc7FnzBxyvjlEfUhYYm1d21Qb\ncZbXEXPOuDFROdCyFCA7GL3LvO03ZtioW/DRxQ1+45XTKGb4TfAbKUR1G8RZIbY2\nukbRWrhyopFdgFuFM20jUQOaMw1v2zEXCqYrhhXmZoOO7vqu3vMOuNcCgYEA/rL9\n7r4an38u6SzVjOQrtYq+eA0QwBTh4LKAQGtHnpAD/M9dI5HN/UZWWlDSFQ2AggLh\nkV9BhjmMbi+O6tVHoqdwLyWzovRl6jzPosi9HpD4Vcx4H+lkQ4Jg6Dn/+zz5Yoek\ng6sA2GZjGdhHgC0F5MXPkpStKfyqPtQtkfR4oxkCgYA958aOzu6vdj7OwKU2D2Nj\nsay5rmsmhkcA7qYjNw2p3GWoOK9IttOqc9fRVrf07i5FEAWeovVdkaR9HUFCIk4j\nqeC6/E8jJ2J9+VApu3Vr8WJ/qNDRqt45UUzpZZx/4vtm5ciQevZQ/ob55Jmus9Xl\nicjmwd81qZxmXHzjwqD0dwKBgQDHG+RZW/HyF/nzPSJgdwsYa7NEpGogzvJZtxF9\nyp/9e/YyD2VvZg9TXUYqap4g6SI6AMiX3ZCavqhihvlB6aOLqzuPD/kjfc2iVRG4\n3xbBK3GHmUWbJNhF0kmxoY3UuTD37rQUXn1VrozwalxS/l9qHZ2MqH/KoAPzA+nv\n/N7GGQKBgQCaiNh0uc+ZUiH4DutHiONlA4FaffmVeAo6wja3aPBtxvPjU51IFpHj\n6tAt8jTMkCPtjt9RISoeYuSzmwE57bZgflB1bEAUGd+5T+WtxhHQXAaFje7zMjLS\n92abTY1uC4VCCt/tvXe0EJY9sNaoL1U6iHq47yDc0YRKXj9XxCm5bw==\n-----END RSA PRIVATE KEY-----'
John,Mier,JohnMier@randnoteGen.com,password,1,b'-----BEGIN PUBLIC KEY-----\nMIIBIjANBgkqhkiG9w0BAQEFAAOCAQ8AMIIBCgKCAQEA1qBk0/CLy/00TCOlEFLp\nYOYqvMgsM6ZeAbYnfU9lz0rnR9nMQL46SwFR0jtxCyA96e6qSr2jzNQF1wKY8Ye9\niSY0REZwEeBtsmqatSDVufJXf6Kgo4f8JE/XchcM7we7/cPoxCJMERGtXvV7ZGlj\nANYvwC1b3YUdoqXcrrBak0NvLcMVcghp34WZfzxY3H8utT21DYRSIWWZVh1tKCxu\nvJF3HMVkYeFeRU7jAK/CQmi7vEvaINqte4ZOJR52VzYGyhw7dmjhjq9TnkO0NNOV\njO5fxKCO8fihQdvb8IEyhwkzi+Q+6aHUAhrUyIaSHYR3+u9FAuBd7gjrMn0PjZCd\n4wIDAQAB\n-----END PUBLIC KEY-----',b'-----BEGIN RSA PRIVATE KEY-----\nMIIEpAIBAAKCAQEA1qBk0/CLy/00TCOlEFLpYOYqvMgsM6ZeAbYnfU9lz0rnR9nM\nQL46SwFR0jtxCyA96e6qSr2jzNQF1wKY8Ye9iSY0REZwEeBtsmqatSDVufJXf6Kg\no4f8JE/XchcM7we7/cPoxCJMERGtXvV7ZGljANYvwC1b3YUdoqXcrrBak0NvLcMV\ncghp34WZfzxY3H8utT21DYRSIWWZVh1tKCxuvJF3HMVkYeFeRU7jAK/CQmi7vEva\nINqte4ZOJR52VzYGyhw7dmjhjq9TnkO0NNOVjO5fxKCO8fihQdvb8IEyhwkzi+Q+\n6aHUAhrUyIaSHYR3+u9FAuBd7gjrMn0PjZCd4wIDAQABAoIBAA9EElfm3LKyPGWM\nBYIfO51aUcDixg4Yb8hUYgOuQZIYhFHegoI6ZaAPJHg9JSHC9dRtVuyBB6UakZ3F\nAAbx/j/CmWYf0nnbCkJuBboLb1hODf40nZN0KTGWAj+JtzBLTwpSRHyq6dku9jNy\nZ4fxXQrisTvMniOoA78daBB+17pwqJUYk/OUkFSCp4mGD30NcCL1vcVDmfqg8ARX\nf5se2MdxzI+2J2l1969ErlVPcIky2sx89uHBcZq4k9pqa7lLacydyjZNiBVDgWbt\np0GKs6t2YIPeymRgE69MP9CL0jBv/GFbFxfwGhkAGZQYyOXr9hvgB2k7l8iDJKnS\n6WaXU2UCgYEA3u6uf76LlSUJOf+tBRs6AQglHge6ip+3zlGtjS7rT5tio8IawzFD\nc4NYs6UVgmiRfEIv/AuiPLE1+jrzlFrNd6KlSqg8/MbPvCiOgaPV2REvsISx8f0m\nOqdjVPBQdSF7ckrVl8pv6sIgZzH2N6uUbJC4xSFfOJPVoOJMOmUSziUCgYEA9nZR\nraoDcJTeLeXIxUqmyOE/Umb//1hwqU9RGKR2sxcL17EtjBhZiUPuruC1ai9hqzUI\n+53dqz3L1YyEcj5be8tAot8nueatcUSbrZJk1UUSTGJENz07nsqVIie5Ts4ipb+6\nIwrrZQB7dBXJ718GslHLVsKq9wz9YPD1e0Hg6WcCgYApViiVF0fah9uGHZp/b+T5\nfAEl6Fj2i1cRsqNzolePk0hfBQbhWqkfKiOwa9PpMmqHl9495gpXJqTTmUrBH3Up\n0cbEaR2l4VdzlDGYaECm10D4giJctIv6JD+O6GCC14qETsv8MVU/Om+3stPszqve\n1ZbtNprpasAZ7Nwll8g84QKBgQCZRuBpNtDI1WyP8tY4DMNJLvyojLIs5Z27Tj7L\nKo0/t9d/nwsKk6IrgfoQ/GMW1LzTMzqQ8Y8IjngUKT29pxZSGQfrwwj7zoCTbu26\nts7K7BgDNSHjkMthZ+/zu+y9G+nkVya14Hag6/nbKinaGqkZgVEKdirJVmTGQ1UI\nAOKVhQKBgQDTy+z2nMdTrRfVib9wQ23T5CnZXroEz7lF39HY9WNVIjEYNTURiTG3\nYxGuBFF0HZ56jLS3bI/6ngXnfMg5TptiTWSVoqk4Rhm2QPndwAENl1lQT1oTsrsy\nAqrubrGa8EMOz+eMpPTdPLvXYERn6Z56cR3M9EyAMjfCDOwXLQ2FeQ==\n-----END RSA PRIVATE KEY-----'
Brenda,Rainey,BrendaRainey@randnoteGen.com,password,1,b'-----BEGIN PUBLIC KEY-----\nMIIBIjANBgkqhkiG9w0BAQEFAAOCAQ8AMIIBCgKCAQEAwGeyD43XoTK9Br9VyIEy\nc9GgQqnibgawAxKh4qZes/oPbWuuM99/4ATPaMh5KCpQ8qDdXgg6o8IGuUxmXJ7C\nrebRJBmbNKZ/6ZISdRYC9kbMqrtyzA1Jni4ywRbpfS6bXqv6kQ58rq3y4I/niFQ1\n9kL+IyizGo3xCbBuDacFvaWGSosR9AI7bicIUE90DavZnPVymaWvf/YRD3Y5Tc8C\nBed44Rh2UNCsMo1cd/yw1lGmTErGprBYOPdb0RInvAOBj8zDKIoK7dqkOy0tdcob\nmLjZEwZZfvgxA7v/m9dkfLywjsuFj7XQ29Z6N693iRjmKSs4/LxBsXbMxsNpg6FL\ndwIDAQAB\n-----END PUBLIC KEY-----',b'-----BEGIN RSA PRIVATE KEY-----\nMIIEogIBAAKCAQEAwGeyD43XoTK9Br9VyIEyc9GgQqnibgawAxKh4qZes/oPbWuu\nM99/4ATPaMh5KCpQ8qDdXgg6o8IGuUxmXJ7CrebRJBmbNKZ/6ZISdRYC9kbMqrty\nzA1Jni4ywRbpfS6bXqv6kQ58rq3y4I/niFQ19kL+IyizGo3xCbBuDacFvaWGSosR\n9AI7bicIUE90DavZnPVymaWvf/YRD3Y5Tc8CBed44Rh2UNCsMo1cd/yw1lGmTErG\nprBYOPdb0RInvAOBj8zDKIoK7dqkOy0tdcobmLjZEwZZfvgxA7v/m9dkfLywjsuF\nj7XQ29Z6N693iRjmKSs4/LxBsXbMxsNpg6FLdwIDAQABAoIBADlllb5DG5zYdIBT\nSsVmGUVotwy7/jLBZvd7svRYmi7JfZmwQkbyOQT8ml0RVOdQ/FXs/CyleszIQFY9\nvtmJeN0E2sYQp3bE5qqoaz4ng1mxlDOoeJ37psb71CM68QtpgGr1Fen47uPzO12X\nQEQwjup4YLTfWtKknk+8JJCJD1LbziSNrjNKC49SodrJtLDtZaY8W9SJ8xxwlxtn\ngLCnrh971gDwSztxMtVdKq8Xxkq8UkkJlCYmC7R7moOIcG8b3p41V6m9prnQ5c0i\nfGPWREIRx7vWFVRkXT9AGHLhKmTo2hbm+GsXJ9chR3E7+Zj/9II6uspPXqiNU7NE\nBWJ8yXkCgYEA17gdIQefKGDFUwVsn6B19NHlBJT21bOMvu3OB5B0l6BRnTAkkMW2\nmWsBrEKy4TNU4ZPwa5MB67CRZmli8+LdYOVtC8+cM9jlSAyZrQWdgN6F4QlufoMT\nMlAjWkNkWta+DXqLrorvJJ31Js5HDXPut4nNwwnY1YFOt1KZW/hbP6kCgYEA5FUc\ndw/NydFPIAMW2N7Qwkm7UpFEKBCEzHBVJ9TuYKOxMVMGAPq38OxhQXCr5uYHV4Ch\nyF858GRYfBCgqWh+p7gT3NXTKuLChRuUQseLOqTACUtSiDPAkkJ4XaeR9M7QG0FV\nDhX+fPezIn9yV5FS/YlAkxA8tNsdqfsriy8Fph8CgYB9Ftt1UskdDfh+qu+RJOgh\nnjESVhtIUoS0FovZYQ/q+OE6qDcb6Dp5fk6LCGZYJn77C+FnT+jWNh4qZ8QkrpI2\n5PM13R60Bfr2q6/VYCM0HlU96E01eWaBT20go2GnN00f3cbv4MrJzfrhlM4o4+gy\nb+tsROKC9CekMHaTmVG4eQKBgAeC9UjFcFOvWxcGgv3ndp6tpkf1F3Tp9jRzjZmd\n26m6ON4SiSQHG34FiL2KY11ZO+yZArmAyHssEe0i7uYj1ebWm3CsaCIFC7ktSxdX\nUTFAskCcBb8NVMx6+1K5bIfNNfNvlsi72H9r9qyv3Kcc1MoaddFgu16HxtYMuUX+\n6gSpAoGAHTaD+KgyjyDqtAtJjqJIsiywPsQs/p0GLj21ujJKUOfk6bWjoclgY8JW\nUNZGL+0QoDo23IWPvk0OHVczzaMdEKECEMnGDp9/G2tC6wCZlzHOXrw1oCw1MDq6\neZomn24Oj7Zn4pilz4qlpWVCdL8fjxifEtDs28zk5L0FalzF5p0=\n-----END RSA PRIVATE KEY-----'
